cycle,consumerAge,register,otherRAW,WAW,WAR,readPort,outputCredit,eligibleExceptObservedRAW
138,35,8,1,1,0,0,0,false
139,35,8,1,1,0,0,0,false
140,35,8,1,1,0,0,0,false
141,35,8,0,0,0,0,0,true
142,35,8,0,0,0,0,0,true
143,35,8,0,0,0,0,0,true
144,35,8,0,0,0,0,0,true
145,35,8,0,0,0,0,0,true
146,35,8,0,0,0,0,0,true
147,35,8,0,0,0,0,0,true
148,35,8,0,0,0,0,0,true
149,35,8,0,0,0,0,0,true
150,35,8,0,0,0,0,0,true
151,35,8,0,0,0,0,0,true
152,35,8,0,0,0,0,0,true
153,35,8,0,0,0,0,0,true
154,35,8,0,0,0,0,0,true
155,35,8,0,0,0,0,0,true
156,35,8,0,0,0,0,0,true
157,35,8,0,0,0,0,0,true
158,35,8,0,0,0,0,0,true
159,35,8,0,0,0,0,0,true
160,35,8,0,0,0,0,0,true
161,35,8,0,0,0,0,0,true
162,35,8,0,0,0,0,0,true
163,35,8,0,0,0,0,0,true
164,35,8,0,0,0,0,0,true
165,35,8,0,0,0,0,0,true
166,35,8,0,0,0,0,0,true
167,35,8,0,0,0,0,0,true
168,35,8,0,0,0,0,0,true
169,35,8,0,0,0,0,0,true
170,35,8,0,0,0,0,0,true
171,35,8,0,0,0,0,0,true
172,35,8,0,0,0,0,0,true
173,35,8,0,0,0,0,0,true
174,35,8,0,0,0,0,0,true
175,35,8,0,0,0,0,0,true
176,35,8,0,0,0,0,0,true
177,35,8,0,0,0,0,0,true
178,35,8,0,0,0,0,0,true
179,35,8,0,0,0,0,0,true
180,35,8,0,0,0,0,0,true
181,35,9,0,0,0,0,0,true
182,35,10,0,0,0,0,0,true
183,35,11,0,0,0,0,0,true
184,37,12,0,0,0,0,0,true
185,37,13,0,0,0,0,0,true
186,37,14,0,0,0,0,0,true
187,37,15,0,0,0,0,0,true
188,39,8,0,0,0,0,0,true
189,39,9,0,0,0,0,0,true
190,39,10,0,0,0,0,0,true
191,39,11,0,0,0,0,0,true
192,41,12,0,0,0,0,0,true
193,41,13,0,0,0,0,0,true
194,41,14,0,0,0,0,0,true
195,41,15,0,0,0,0,0,true
196,43,8,0,0,0,0,0,true
197,43,9,0,0,0,0,0,true
198,43,10,0,0,0,0,0,true
199,43,11,0,0,0,0,0,true
200,45,12,0,0,0,0,0,true
201,45,13,0,0,0,0,0,true
202,45,14,0,0,0,0,0,true
203,45,15,0,0,0,0,0,true
204,47,8,0,0,0,0,0,true
205,47,9,0,0,0,0,0,true
206,47,10,0,0,0,0,0,true
207,47,11,0,0,0,0,0,true
208,49,12,0,0,0,0,0,true
209,49,13,0,0,0,0,0,true
210,49,14,0,0,0,0,0,true
211,49,15,0,0,0,0,0,true
212,53,8,1,1,1,0,0,false
213,53,8,1,1,1,0,0,false
214,53,8,1,1,1,0,0,false
215,53,8,1,1,1,0,0,false
216,53,8,1,1,1,0,0,false
217,53,8,1,1,1,0,0,false
218,53,8,1,1,1,0,0,false
219,53,8,1,1,1,0,0,false
220,53,8,1,1,1,0,0,false
221,53,8,1,1,1,0,0,false
222,53,8,1,1,1,0,0,false
223,53,8,1,1,0,0,0,false
224,53,8,1,1,0,0,0,false
225,53,8,1,1,0,0,0,false
226,53,8,1,1,0,0,0,false
227,53,8,1,1,0,0,0,false
228,53,8,1,1,0,0,0,false
229,53,8,1,1,0,0,0,false
230,53,8,1,1,0,0,0,false
231,53,8,0,0,0,0,0,true
232,53,9,0,0,0,0,0,true
233,53,10,0,0,0,0,0,true
234,53,11,0,0,0,0,0,true
235,55,12,0,0,0,0,0,true
236,55,13,0,0,0,0,0,true
237,55,14,0,0,0,0,0,true
238,55,15,0,0,0,0,0,true
239,57,8,0,0,0,0,0,true
240,57,9,0,0,0,0,0,true
241,57,10,0,0,0,0,0,true
242,57,11,0,0,0,0,0,true
243,59,12,0,0,0,0,0,true
244,59,13,0,0,0,0,0,true
245,59,14,0,0,0,0,0,true
246,59,15,0,0,0,0,0,true
247,61,8,0,0,0,0,0,true
248,61,9,0,0,0,0,0,true
249,61,10,0,0,0,0,0,true
250,61,11,0,0,0,0,0,true
251,63,12,0,0,0,0,0,true
252,63,13,0,0,0,0,0,true
253,63,14,0,0,0,0,0,true
254,63,15,0,0,0,0,0,true
255,65,8,0,0,0,0,0,true
256,65,9,0,0,0,0,0,true
257,65,10,0,0,0,0,0,true
258,65,11,0,0,0,0,0,true
259,67,12,0,0,0,0,0,true
260,67,13,0,0,0,0,0,true
261,67,14,0,0,0,0,0,true
262,67,15,0,0,0,0,0,true
263,71,8,1,1,1,0,0,false
264,71,8,1,1,1,0,0,false
265,71,8,1,1,1,0,0,false
266,71,8,1,1,1,0,0,false
267,71,8,1,1,1,0,0,false
268,71,8,1,1,1,0,0,false
269,71,8,1,1,1,0,0,false
270,71,8,1,1,1,0,0,false
271,71,8,1,1,1,0,0,false
272,71,8,1,1,1,0,0,false
273,71,8,1,1,1,0,0,false
274,71,8,1,1,0,0,0,false
275,71,8,1,1,0,0,0,false
276,71,8,1,1,0,0,0,false
277,71,8,1,1,0,0,0,false
278,71,8,1,1,0,0,0,false
279,71,8,1,1,0,0,0,false
280,71,8,1,1,0,0,0,false
281,71,8,1,1,0,0,0,false
282,71,8,0,0,0,0,0,true
283,71,9,0,0,0,0,0,true
284,71,10,0,0,0,0,0,true
285,71,11,0,0,0,0,0,true
286,73,12,0,0,0,0,0,true
287,73,13,0,0,0,0,0,true
288,73,14,0,0,0,0,0,true
289,73,15,0,0,0,0,0,true
290,75,8,0,0,0,0,0,true
291,75,9,0,0,0,0,0,true
292,75,10,0,0,0,0,0,true
293,75,11,0,0,0,0,0,true
294,77,12,0,0,0,0,0,true
295,77,13,0,0,0,0,0,true
296,77,14,0,0,0,0,0,true
297,77,15,0,0,0,0,0,true
298,79,8,0,0,0,0,0,true
299,79,9,0,0,0,0,0,true
300,79,10,0,0,0,0,0,true
301,79,11,0,0,0,0,0,true
302,81,12,0,0,0,0,0,true
303,81,13,0,0,0,0,0,true
304,81,14,0,0,0,0,0,true
305,81,15,0,0,0,0,0,true
306,83,8,0,0,0,0,0,true
307,83,9,0,0,0,0,0,true
308,83,10,0,0,0,0,0,true
309,83,11,0,0,0,0,0,true
310,85,12,0,0,0,0,0,true
311,85,13,0,0,0,0,0,true
312,85,14,0,0,0,0,0,true
313,85,15,0,0,0,0,0,true
314,89,8,1,1,1,0,0,false
315,89,8,1,1,1,0,0,false
316,89,8,1,1,1,0,0,false
317,89,8,1,1,1,0,0,false
318,89,8,1,1,1,0,0,false
319,89,8,1,1,1,0,0,false
320,89,8,1,1,1,0,0,false
321,89,8,1,1,1,0,0,false
322,89,8,1,1,1,0,0,false
323,89,8,1,1,1,0,0,false
324,89,8,1,1,1,0,0,false
325,89,8,1,1,0,0,0,false
326,89,8,1,1,0,0,0,false
327,89,8,1,1,0,0,0,false
328,89,8,1,1,0,0,0,false
329,89,8,1,1,0,0,0,false
330,89,8,1,1,0,0,0,false
331,89,8,1,1,0,0,0,false
332,89,8,1,1,0,0,0,false
333,89,8,0,0,0,0,0,true
334,89,9,0,0,0,0,0,true
335,89,10,0,0,0,0,0,true
336,89,11,0,0,0,0,0,true
337,91,12,0,0,0,0,0,true
338,91,13,0,0,0,0,0,true
339,91,14,0,0,0,0,0,true
340,91,15,0,0,0,0,0,true
341,93,8,0,0,0,0,0,true
342,93,9,0,0,0,0,0,true
343,93,10,0,0,0,0,0,true
344,93,11,0,0,0,0,0,true
345,95,12,0,0,0,0,0,true
346,95,13,0,0,0,0,0,true
347,95,14,0,0,0,0,0,true
348,95,15,0,0,0,0,0,true
349,97,8,0,0,0,0,0,true
350,97,9,0,0,0,0,0,true
351,97,10,0,0,0,0,0,true
352,97,11,0,0,0,0,0,true
353,99,12,0,0,0,0,0,true
354,99,13,0,0,0,0,0,true
355,99,14,0,0,0,0,0,true
356,99,15,0,0,0,0,0,true
357,101,8,0,0,0,0,0,true
358,101,9,0,0,0,0,0,true
359,101,10,0,0,0,0,0,true
360,101,11,0,0,0,0,0,true
361,103,12,0,0,0,0,0,true
362,103,13,0,0,0,0,0,true
363,103,14,0,0,0,0,0,true
364,103,15,0,0,0,0,0,true
365,107,8,1,1,1,0,0,false
366,107,8,1,1,1,0,0,false
367,107,8,1,1,1,0,0,false
368,107,8,1,1,1,0,0,false
369,107,8,1,1,1,0,0,false
370,107,8,1,1,1,0,0,false
371,107,8,1,1,1,0,0,false
372,107,8,1,1,1,0,0,false
373,107,8,1,1,1,0,0,false
374,107,8,1,1,1,0,0,false
375,107,8,1,1,1,0,0,false
376,107,8,1,1,0,0,0,false
377,107,8,1,1,0,0,0,false
378,107,8,1,1,0,0,0,false
379,107,8,1,1,0,0,0,false
380,107,8,1,1,0,0,0,false
381,107,8,1,1,0,0,0,false
382,107,8,1,1,0,0,0,false
383,107,8,1,1,0,0,0,false
384,107,8,0,0,0,0,0,true
385,107,9,0,0,0,0,0,true
386,107,10,0,0,0,0,0,true
387,107,11,0,0,0,0,0,true
388,109,12,0,0,0,0,0,true
389,109,13,0,0,0,0,0,true
390,109,14,0,0,0,0,0,true
391,109,15,0,0,0,0,0,true
392,111,8,0,0,0,0,0,true
393,111,9,0,0,0,0,0,true
394,111,10,0,0,0,0,0,true
395,111,11,0,0,0,0,0,true
396,113,12,0,0,0,0,0,true
397,113,13,0,0,0,0,0,true
398,113,14,0,0,0,0,0,true
399,113,15,0,0,0,0,0,true
400,115,8,0,0,0,0,0,true
401,115,9,0,0,0,0,0,true
402,115,10,0,0,0,0,0,true
403,115,11,0,0,0,0,0,true
404,117,12,0,0,0,0,0,true
405,117,13,0,0,0,0,0,true
406,117,14,0,0,0,0,0,true
407,117,15,0,0,0,0,0,true
408,119,8,0,0,0,0,0,true
409,119,9,0,0,0,0,0,true
410,119,10,0,0,0,0,0,true
411,119,11,0,0,0,0,0,true
412,121,12,0,0,0,0,0,true
413,121,13,0,0,0,0,0,true
414,121,14,0,0,0,0,0,true
415,121,15,0,0,0,0,0,true
416,125,8,1,1,1,0,0,false
417,125,8,1,1,1,0,0,false
418,125,8,1,1,1,0,0,false
419,125,8,1,1,1,0,0,false
420,125,8,1,1,1,0,0,false
421,125,8,1,1,1,0,0,false
422,125,8,1,1,1,0,0,false
423,125,8,1,1,1,0,0,false
424,125,8,1,1,1,0,0,false
425,125,8,1,1,1,0,0,false
426,125,8,1,1,1,0,0,false
427,125,8,1,1,0,0,0,false
428,125,8,1,1,0,0,0,false
429,125,8,1,1,0,0,0,false
430,125,8,1,1,0,0,0,false
431,125,8,1,1,0,0,0,false
432,125,8,1,1,0,0,0,false
433,125,8,1,1,0,0,0,false
434,125,8,1,1,0,0,0,false
435,125,8,0,0,0,0,0,true
436,125,9,0,0,0,0,0,true
437,125,10,0,0,0,0,0,true
438,125,11,0,0,0,0,0,true
439,127,12,0,0,0,0,0,true
440,127,13,0,0,0,0,0,true
441,127,14,0,0,0,0,0,true
442,127,15,0,0,0,0,0,true
443,129,8,0,0,0,0,0,true
444,129,9,0,0,0,0,0,true
445,129,10,0,0,0,0,0,true
446,129,11,0,0,0,0,0,true
447,131,12,0,0,0,0,0,true
448,131,13,0,0,0,0,0,true
449,131,14,0,0,0,0,0,true
450,131,15,0,0,0,0,0,true
451,133,8,0,0,0,0,0,true
452,133,9,0,0,0,0,0,true
453,133,10,0,0,0,0,0,true
454,133,11,0,0,0,0,0,true
455,135,12,0,0,0,0,0,true
456,135,13,0,0,0,0,0,true
457,135,14,0,0,0,0,0,true
458,135,15,0,0,0,0,0,true
459,137,8,0,0,0,0,0,true
460,137,9,0,0,0,0,0,true
461,137,10,0,0,0,0,0,true
462,137,11,0,0,0,0,0,true
463,139,12,0,0,0,0,0,true
464,139,13,0,0,0,0,0,true
465,139,14,0,0,0,0,0,true
466,139,15,0,0,0,0,0,true
467,143,8,1,1,1,0,0,false
468,143,8,1,1,1,0,0,false
469,143,8,1,1,1,0,0,false
470,143,8,1,1,1,0,0,false
471,143,8,1,1,1,0,0,false
472,143,8,1,1,1,0,0,false
473,143,8,1,1,1,0,0,false
474,143,8,1,1,1,0,0,false
475,143,8,1,1,1,0,0,false
476,143,8,1,1,1,0,0,false
477,143,8,1,1,1,0,0,false
478,143,8,1,1,0,0,0,false
479,143,8,1,1,0,0,0,false
480,143,8,1,1,0,0,0,false
481,143,8,1,1,0,0,0,false
482,143,8,1,1,0,0,0,false
483,143,8,1,1,0,0,0,false
484,143,8,1,1,0,0,0,false
485,143,8,1,1,0,0,0,false
486,143,8,0,0,0,0,0,true
487,143,9,0,0,0,0,0,true
488,143,10,0,0,0,0,0,true
489,143,11,0,0,0,0,0,true
490,145,12,0,0,0,0,0,true
491,145,13,0,0,0,0,0,true
492,145,14,0,0,0,0,0,true
493,145,15,0,0,0,0,0,true
494,147,8,0,0,0,0,0,true
495,147,9,0,0,0,0,0,true
496,147,10,0,0,0,0,0,true
497,147,11,0,0,0,0,0,true
498,149,12,0,0,0,0,0,true
499,149,13,0,0,0,0,0,true
500,149,14,0,0,0,0,0,true
501,149,15,0,0,0,0,0,true
502,151,8,0,0,0,0,0,true
503,151,9,0,0,0,0,0,true
504,151,10,0,0,0,0,0,true
505,151,11,0,0,0,0,0,true
506,153,12,0,0,0,0,0,true
507,153,13,0,0,0,0,0,true
508,153,14,0,0,0,0,0,true
509,153,15,0,0,0,0,0,true
510,155,8,0,0,0,0,0,true
511,155,9,0,0,0,0,0,true
512,155,10,0,0,0,0,0,true
513,155,11,0,0,0,0,0,true
514,157,12,0,0,0,0,0,true
515,157,13,0,0,0,0,0,true
516,157,14,0,0,0,0,0,true
517,157,15,0,0,0,0,0,true
518,161,8,1,1,1,0,0,false
519,161,8,1,1,1,0,0,false
520,161,8,1,1,1,0,0,false
521,161,8,1,1,1,0,0,false
522,161,8,1,1,1,0,0,false
523,161,8,1,1,1,0,0,false
524,161,8,1,1,1,0,0,false
525,161,8,1,1,1,0,0,false
526,161,8,1,1,1,0,0,false
527,161,8,1,1,1,0,0,false
528,161,8,1,1,1,0,0,false
529,161,8,1,1,0,0,0,false
530,161,8,1,1,0,0,0,false
531,161,8,1,1,0,0,0,false
532,161,8,1,1,0,0,0,false
533,161,8,1,1,0,0,0,false
534,161,8,1,1,0,0,0,false
535,161,8,1,1,0,0,0,false
536,161,8,1,1,0,0,0,false
537,161,8,0,0,0,0,0,true
538,161,9,0,0,0,0,0,true
539,161,10,0,0,0,0,0,true
540,161,11,0,0,0,0,0,true
541,163,12,0,0,0,0,0,true
542,163,13,0,0,0,0,0,true
543,163,14,0,0,0,0,0,true
544,163,15,0,0,0,0,0,true
545,165,8,0,0,0,0,0,true
546,165,9,0,0,0,0,0,true
547,165,10,0,0,0,0,0,true
548,165,11,0,0,0,0,0,true
549,167,12,0,0,0,0,0,true
550,167,13,0,0,0,0,0,true
551,167,14,0,0,0,0,0,true
552,167,15,0,0,0,0,0,true
553,169,8,0,0,0,0,0,true
554,169,9,0,0,0,0,0,true
555,169,10,0,0,0,0,0,true
556,169,11,0,0,0,0,0,true
557,171,12,0,0,0,0,0,true
558,171,13,0,0,0,0,0,true
559,171,14,0,0,0,0,0,true
560,171,15,0,0,0,0,0,true
561,173,8,0,0,0,0,0,true
562,173,9,0,0,0,0,0,true
563,173,10,0,0,0,0,0,true
564,173,11,0,0,0,0,0,true
565,175,12,0,0,0,0,0,true
566,175,13,0,0,0,0,0,true
567,175,14,0,0,0,0,0,true
568,175,15,0,0,0,0,0,true
569,179,8,1,1,1,0,0,false
570,179,8,1,1,1,0,0,false
571,179,8,1,1,1,0,0,false
572,179,8,1,1,1,0,0,false
573,179,8,1,1,1,0,0,false
574,179,8,1,1,1,0,0,false
575,179,8,1,1,1,0,0,false
576,179,8,1,1,1,0,0,false
577,179,8,1,1,1,0,0,false
578,179,8,1,1,1,0,0,false
579,179,8,1,1,1,0,0,false
580,179,8,1,1,0,0,0,false
581,179,8,1,1,0,0,0,false
582,179,8,1,1,0,0,0,false
583,179,8,1,1,0,0,0,false
584,179,8,1,1,0,0,0,false
585,179,8,1,1,0,0,0,false
586,179,8,1,1,0,0,0,false
587,179,8,1,1,0,0,0,false
588,179,8,0,0,0,0,0,true
589,179,9,0,0,0,0,0,true
590,179,10,0,0,0,0,0,true
591,179,11,0,0,0,0,0,true
592,181,12,0,0,0,0,0,true
593,181,13,0,0,0,0,0,true
594,181,14,0,0,0,0,0,true
595,181,15,0,0,0,0,0,true
596,183,8,0,0,0,0,0,true
597,183,9,0,0,0,0,0,true
598,183,10,0,0,0,0,0,true
599,183,11,0,0,0,0,0,true
600,185,12,0,0,0,0,0,true
601,185,13,0,0,0,0,0,true
602,185,14,0,0,0,0,0,true
603,185,15,0,0,0,0,0,true
604,187,8,0,0,0,0,0,true
605,187,9,0,0,0,0,0,true
606,187,10,0,0,0,0,0,true
607,187,11,0,0,0,0,0,true
608,189,12,0,0,0,0,0,true
609,189,13,0,0,0,0,0,true
610,189,14,0,0,0,0,0,true
611,189,15,0,0,0,0,0,true
612,191,8,0,0,0,0,0,true
613,191,9,0,0,0,0,0,true
614,191,10,0,0,0,0,0,true
615,191,11,0,0,0,0,0,true
616,193,12,0,0,0,0,0,true
617,193,13,0,0,0,0,0,true
618,193,14,0,0,0,0,0,true
619,193,15,0,0,0,0,0,true
620,197,8,1,1,1,0,0,false
621,197,8,1,1,1,0,0,false
622,197,8,1,1,1,0,0,false
623,197,8,1,1,1,0,0,false
624,197,8,1,1,1,0,0,false
625,197,8,1,1,1,0,0,false
626,197,8,1,1,1,0,0,false
627,197,8,1,1,1,0,0,false
628,197,8,1,1,1,0,0,false
629,197,8,1,1,1,0,0,false
630,197,8,1,1,1,0,0,false
631,197,8,1,1,0,0,0,false
632,197,8,1,1,0,0,0,false
633,197,8,1,1,0,0,0,false
634,197,8,1,1,0,0,0,false
635,197,8,1,1,0,0,0,false
636,197,8,1,1,0,0,0,false
637,197,8,1,1,0,0,0,false
638,197,8,1,1,0,0,0,false
639,197,8,0,0,0,0,0,true
640,197,9,0,0,0,0,0,true
641,197,10,0,0,0,0,0,true
642,197,11,0,0,0,0,0,true
643,199,12,0,0,0,0,0,true
644,199,13,0,0,0,0,0,true
645,199,14,0,0,0,0,0,true
646,199,15,0,0,0,0,0,true
647,201,8,0,0,0,0,0,true
648,201,9,0,0,0,0,0,true
649,201,10,0,0,0,0,0,true
650,201,11,0,0,0,0,0,true
651,203,12,0,0,0,0,0,true
652,203,13,0,0,0,0,0,true
653,203,14,0,0,0,0,0,true
654,203,15,0,0,0,0,0,true
655,205,8,0,0,0,0,0,true
656,205,9,0,0,0,0,0,true
657,205,10,0,0,0,0,0,true
658,205,11,0,0,0,0,0,true
659,207,12,0,0,0,0,0,true
660,207,13,0,0,0,0,0,true
661,207,14,0,0,0,0,0,true
662,207,15,0,0,0,0,0,true
663,209,8,0,0,0,0,0,true
664,209,9,0,0,0,0,0,true
665,209,10,0,0,0,0,0,true
666,209,11,0,0,0,0,0,true
667,211,12,0,0,0,0,0,true
668,211,13,0,0,0,0,0,true
669,211,14,0,0,0,0,0,true
670,211,15,0,0,0,0,0,true
671,215,8,1,1,1,0,0,false
672,215,8,1,1,1,0,0,false
673,215,8,1,1,1,0,0,false
674,215,8,1,1,1,0,0,false
675,215,8,1,1,1,0,0,false
676,215,8,1,1,1,0,0,false
677,215,8,1,1,1,0,0,false
678,215,8,1,1,1,0,0,false
679,215,8,1,1,1,0,0,false
680,215,8,1,1,1,0,0,false
681,215,8,1,1,1,0,0,false
682,215,8,1,1,0,0,0,false
683,215,8,1,1,0,0,0,false
684,215,8,1,1,0,0,0,false
685,215,8,1,1,0,0,0,false
686,215,8,1,1,0,0,0,false
687,215,8,1,1,0,0,0,false
688,215,8,1,1,0,0,0,false
689,215,8,1,1,0,0,0,false
690,215,8,0,0,0,0,0,true
691,215,9,0,0,0,0,0,true
692,215,10,0,0,0,0,0,true
693,215,11,0,0,0,0,0,true
694,217,12,0,0,0,0,0,true
695,217,13,0,0,0,0,0,true
696,217,14,0,0,0,0,0,true
697,217,15,0,0,0,0,0,true
698,219,8,0,0,0,0,0,true
699,219,9,0,0,0,0,0,true
700,219,10,0,0,0,0,0,true
701,219,11,0,0,0,0,0,true
702,221,12,0,0,0,0,0,true
703,221,13,0,0,0,0,0,true
704,221,14,0,0,0,0,0,true
705,221,15,0,0,0,0,0,true
706,223,8,0,0,0,0,0,true
707,223,9,0,0,0,0,0,true
708,223,10,0,0,0,0,0,true
709,223,11,0,0,0,0,0,true
710,225,12,0,0,0,0,0,true
711,225,13,0,0,0,0,0,true
712,225,14,0,0,0,0,0,true
713,225,15,0,0,0,0,0,true
714,227,8,0,0,0,0,0,true
715,227,9,0,0,0,0,0,true
716,227,10,0,0,0,0,0,true
717,227,11,0,0,0,0,0,true
718,229,12,0,0,0,0,0,true
719,229,13,0,0,0,0,0,true
720,229,14,0,0,0,0,0,true
721,229,15,0,0,0,0,0,true
722,233,8,1,1,1,0,0,false
723,233,8,1,1,1,0,0,false
724,233,8,1,1,1,0,0,false
725,233,8,1,1,1,0,0,false
726,233,8,1,1,1,0,0,false
727,233,8,1,1,1,0,0,false
728,233,8,1,1,1,0,0,false
729,233,8,1,1,1,0,0,false
730,233,8,1,1,1,0,0,false
731,233,8,1,1,1,0,0,false
732,233,8,1,1,1,0,0,false
733,233,8,1,1,0,0,0,false
734,233,8,1,1,0,0,0,false
735,233,8,1,1,0,0,0,false
736,233,8,1,1,0,0,0,false
737,233,8,1,1,0,0,0,false
738,233,8,1,1,0,0,0,false
739,233,8,1,1,0,0,0,false
740,233,8,1,1,0,0,0,false
741,233,8,0,0,0,0,0,true
742,233,9,0,0,0,0,0,true
743,233,10,0,0,0,0,0,true
744,233,11,0,0,0,0,0,true
745,235,12,0,0,0,0,0,true
746,235,13,0,0,0,0,0,true
747,235,14,0,0,0,0,0,true
748,235,15,0,0,0,0,0,true
749,237,8,0,0,0,0,0,true
750,237,9,0,0,0,0,0,true
751,237,10,0,0,0,0,0,true
752,237,11,0,0,0,0,0,true
753,239,12,0,0,0,0,0,true
754,239,13,0,0,0,0,0,true
755,239,14,0,0,0,0,0,true
756,239,15,0,0,0,0,0,true
757,241,8,0,0,0,0,0,true
758,241,9,0,0,0,0,0,true
759,241,10,0,0,0,0,0,true
760,241,11,0,0,0,0,0,true
761,243,12,0,0,0,0,0,true
762,243,13,0,0,0,0,0,true
763,243,14,0,0,0,0,0,true
764,243,15,0,0,0,0,0,true
765,245,8,0,0,0,0,0,true
766,245,9,0,0,0,0,0,true
767,245,10,0,0,0,0,0,true
768,245,11,0,0,0,0,0,true
769,247,12,0,0,0,0,0,true
770,247,13,0,0,0,0,0,true
771,247,14,0,0,0,0,0,true
772,247,15,0,0,0,0,0,true
773,251,8,1,1,1,0,0,false
774,251,8,1,1,1,0,0,false
775,251,8,1,1,1,0,0,false
776,251,8,1,1,1,0,0,false
777,251,8,1,1,1,0,0,false
778,251,8,1,1,1,0,0,false
779,251,8,1,1,1,0,0,false
780,251,8,1,1,1,0,0,false
781,251,8,1,1,1,0,0,false
782,251,8,1,1,1,0,0,false
783,251,8,1,1,1,0,0,false
784,251,8,1,1,0,0,0,false
785,251,8,1,1,0,0,0,false
786,251,8,1,1,0,0,0,false
787,251,8,1,1,0,0,0,false
788,251,8,1,1,0,0,0,false
789,251,8,1,1,0,0,0,false
790,251,8,1,1,0,0,0,false
791,251,8,1,1,0,0,0,false
792,251,8,0,0,0,0,0,true
793,251,9,0,0,0,0,0,true
794,251,10,0,0,0,0,0,true
795,251,11,0,0,0,0,0,true
796,253,12,0,0,0,0,0,true
797,253,13,0,0,0,0,0,true
798,253,14,0,0,0,0,0,true
799,253,15,0,0,0,0,0,true
800,255,8,0,0,0,0,0,true
801,255,9,0,0,0,0,0,true
802,255,10,0,0,0,0,0,true
803,255,11,0,0,0,0,0,true
804,257,12,0,0,0,0,0,true
805,257,13,0,0,0,0,0,true
806,257,14,0,0,0,0,0,true
807,257,15,0,0,0,0,0,true
808,259,8,0,0,0,0,0,true
809,259,9,0,0,0,0,0,true
810,259,10,0,0,0,0,0,true
811,259,11,0,0,0,0,0,true
812,261,12,0,0,0,0,0,true
813,261,13,0,0,0,0,0,true
814,261,14,0,0,0,0,0,true
815,261,15,0,0,0,0,0,true
816,263,8,0,0,0,0,0,true
817,263,9,0,0,0,0,0,true
818,263,10,0,0,0,0,0,true
819,263,11,0,0,0,0,0,true
820,265,12,0,0,0,0,0,true
821,265,13,0,0,0,0,0,true
822,265,14,0,0,0,0,0,true
823,265,15,0,0,0,0,0,true
824,269,8,1,1,1,0,0,false
825,269,8,1,1,1,0,0,false
826,269,8,1,1,1,0,0,false
827,269,8,1,1,1,0,0,false
828,269,8,1,1,1,0,0,false
829,269,8,1,1,1,0,0,false
830,269,8,1,1,1,0,0,false
831,269,8,1,1,1,0,0,false
832,269,8,1,1,1,0,0,false
833,269,8,1,1,1,0,0,false
834,269,8,1,1,1,0,0,false
835,269,8,1,1,0,0,0,false
836,269,8,1,1,0,0,0,false
837,269,8,1,1,0,0,0,false
838,269,8,1,1,0,0,0,false
839,269,8,1,1,0,0,0,false
840,269,8,1,1,0,0,0,false
841,269,8,1,1,0,0,0,false
842,269,8,1,1,0,0,0,false
843,269,8,0,0,0,0,0,true
844,269,9,0,0,0,0,0,true
845,269,10,0,0,0,0,0,true
846,269,11,0,0,0,0,0,true
847,271,12,0,0,0,0,0,true
848,271,13,0,0,0,0,0,true
849,271,14,0,0,0,0,0,true
850,271,15,0,0,0,0,0,true
851,273,8,0,0,0,0,0,true
852,273,9,0,0,0,0,0,true
853,273,10,0,0,0,0,0,true
854,273,11,0,0,0,0,0,true
855,275,12,0,0,0,0,0,true
856,275,13,0,0,0,0,0,true
857,275,14,0,0,0,0,0,true
858,275,15,0,0,0,0,0,true
859,277,8,0,0,0,0,0,true
860,277,9,0,0,0,0,0,true
861,277,10,0,0,0,0,0,true
862,277,11,0,0,0,0,0,true
863,279,12,0,0,0,0,0,true
864,279,13,0,0,0,0,0,true
865,279,14,0,0,0,0,0,true
866,279,15,0,0,0,0,0,true
867,281,8,0,0,0,0,0,true
868,281,9,0,0,0,0,0,true
869,281,10,0,0,0,0,0,true
870,281,11,0,0,0,0,0,true
871,283,12,0,0,0,0,0,true
872,283,13,0,0,0,0,0,true
873,283,14,0,0,0,0,0,true
874,283,15,0,0,0,0,0,true
875,287,8,1,1,1,0,0,false
876,287,8,1,1,1,0,0,false
877,287,8,1,1,1,0,0,false
878,287,8,1,1,1,0,0,false
879,287,8,1,1,1,0,0,false
880,287,8,1,1,1,0,0,false
881,287,8,1,1,1,0,0,false
882,287,8,1,1,1,0,0,false
883,287,8,1,1,1,0,0,false
884,287,8,1,1,1,0,0,false
885,287,8,1,1,1,0,0,false
886,287,8,1,1,0,0,0,false
887,287,8,1,1,0,0,0,false
888,287,8,1,1,0,0,0,false
889,287,8,1,1,0,0,0,false
890,287,8,1,1,0,0,0,false
891,287,8,1,1,0,0,0,false
892,287,8,1,1,0,0,0,false
893,287,8,1,1,0,0,0,false
894,287,8,0,0,0,0,0,true
895,287,9,0,0,0,0,0,true
896,287,10,0,0,0,0,0,true
897,287,11,0,0,0,0,0,true
898,289,12,0,0,0,0,0,true
899,289,13,0,0,0,0,0,true
900,289,14,0,0,0,0,0,true
901,289,15,0,0,0,0,0,true
902,291,8,0,0,0,0,0,true
903,291,9,0,0,0,0,0,true
904,291,10,0,0,0,0,0,true
905,291,11,0,0,0,0,0,true
906,293,12,0,0,0,0,0,true
907,293,13,0,0,0,0,0,true
908,293,14,0,0,0,0,0,true
909,293,15,0,0,0,0,0,true
910,295,8,0,0,0,0,0,true
911,295,9,0,0,0,0,0,true
912,295,10,0,0,0,0,0,true
913,295,11,0,0,0,0,0,true
914,297,12,0,0,0,0,0,true
915,297,13,0,0,0,0,0,true
916,297,14,0,0,0,0,0,true
917,297,15,0,0,0,0,0,true
918,299,8,0,0,0,0,0,true
919,299,9,0,0,0,0,0,true
920,299,10,0,0,0,0,0,true
921,299,11,0,0,0,0,0,true
922,301,12,0,0,0,0,0,true
923,301,13,0,0,0,0,0,true
924,301,14,0,0,0,0,0,true
925,301,15,0,0,0,0,0,true
926,305,8,1,1,1,0,0,false
927,305,8,1,1,1,0,0,false
928,305,8,1,1,1,0,0,false
929,305,8,1,1,1,0,0,false
930,305,8,1,1,1,0,0,false
931,305,8,1,1,1,0,0,false
932,305,8,1,1,1,0,0,false
933,305,8,1,1,1,0,0,false
934,305,8,1,1,1,0,0,false
935,305,8,1,1,1,0,0,false
936,305,8,1,1,1,0,0,false
937,305,8,1,1,0,0,0,false
938,305,8,1,1,0,0,0,false
939,305,8,1,1,0,0,0,false
940,305,8,1,1,0,0,0,false
941,305,8,1,1,0,0,0,false
942,305,8,1,1,0,0,0,false
943,305,8,1,1,0,0,0,false
944,305,8,1,1,0,0,0,false
945,305,8,0,0,0,0,0,true
946,305,9,0,0,0,0,0,true
947,305,10,0,0,0,0,0,true
948,305,11,0,0,0,0,0,true
949,307,12,0,0,0,0,0,true
950,307,13,0,0,0,0,0,true
951,307,14,0,0,0,0,0,true
952,307,15,0,0,0,0,0,true
953,309,8,0,0,0,0,0,true
954,309,9,0,0,0,0,0,true
955,309,10,0,0,0,0,0,true
956,309,11,0,0,0,0,0,true
957,311,12,0,0,0,0,0,true
958,311,13,0,0,0,0,0,true
959,311,14,0,0,0,0,0,true
960,311,15,0,0,0,0,0,true
961,313,8,0,0,0,0,0,true
962,313,9,0,0,0,0,0,true
963,313,10,0,0,0,0,0,true
964,313,11,0,0,0,0,0,true
965,315,12,0,0,0,0,0,true
966,315,13,0,0,0,0,0,true
967,315,14,0,0,0,0,0,true
968,315,15,0,0,0,0,0,true
969,317,8,0,0,0,0,0,true
970,317,9,0,0,0,0,0,true
971,317,10,0,0,0,0,0,true
972,317,11,0,0,0,0,0,true
973,319,12,0,0,0,0,0,true
974,319,13,0,0,0,0,0,true
975,319,14,0,0,0,0,0,true
976,319,15,0,0,0,0,0,true
977,323,8,1,1,1,0,0,false
978,323,8,1,1,1,0,0,false
979,323,8,1,1,1,0,0,false
980,323,8,1,1,1,0,0,false
981,323,8,1,1,1,0,0,false
982,323,8,1,1,1,0,0,false
983,323,8,1,1,1,0,0,false
984,323,8,1,1,1,0,0,false
985,323,8,1,1,1,0,0,false
986,323,8,1,1,1,0,0,false
987,323,8,1,1,1,0,0,false
988,323,8,1,1,0,0,0,false
989,323,8,1,1,0,0,0,false
990,323,8,1,1,0,0,0,false
991,323,8,1,1,0,0,0,false
992,323,8,1,1,0,0,0,false
993,323,8,1,1,0,0,0,false
994,323,8,1,1,0,0,0,false
995,323,8,1,1,0,0,0,false
996,323,8,0,0,0,0,0,true
997,323,9,0,0,0,0,0,true
998,323,10,0,0,0,0,0,true
999,323,11,0,0,0,0,0,true
1000,325,12,0,0,0,0,0,true
1001,325,13,0,0,0,0,0,true
1002,325,14,0,0,0,0,0,true
1003,325,15,0,0,0,0,0,true
1004,327,8,0,0,0,0,0,true
1005,327,9,0,0,0,0,0,true
1006,327,10,0,0,0,0,0,true
1007,327,11,0,0,0,0,0,true
1008,329,12,0,0,0,0,0,true
1009,329,13,0,0,0,0,0,true
1010,329,14,0,0,0,0,0,true
1011,329,15,0,0,0,0,0,true
1012,331,8,0,0,0,0,0,true
1013,331,9,0,0,0,0,0,true
1014,331,10,0,0,0,0,0,true
1015,331,11,0,0,0,0,0,true
1016,333,12,0,0,0,0,0,true
1017,333,13,0,0,0,0,0,true
1018,333,14,0,0,0,0,0,true
1019,333,15,0,0,0,0,0,true
1020,335,8,0,0,0,0,0,true
1021,335,9,0,0,0,0,0,true
1022,335,10,0,0,0,0,0,true
1023,335,11,0,0,0,0,0,true
1024,337,12,0,0,0,0,0,true
1025,337,13,0,0,0,0,0,true
1026,337,14,0,0,0,0,0,true
1027,337,15,0,0,0,0,0,true
1028,341,8,1,1,1,0,0,false
1029,341,8,1,1,1,0,0,false
1030,341,8,1,1,1,0,0,false
1031,341,8,1,1,1,0,0,false
1032,341,8,1,1,1,0,0,false
1033,341,8,1,1,1,0,0,false
1034,341,8,1,1,1,0,0,false
1035,341,8,1,1,1,0,0,false
1036,341,8,1,1,1,0,0,false
1037,341,8,1,1,1,0,0,false
1038,341,8,1,1,1,0,0,false
1039,341,8,1,1,0,0,0,false
1040,341,8,1,1,0,0,0,false
1041,341,8,1,1,0,0,0,false
1042,341,8,1,1,0,0,0,false
1043,341,8,1,1,0,0,0,false
1044,341,8,1,1,0,0,0,false
1045,341,8,1,1,0,0,0,false
1046,341,8,1,1,0,0,0,false
1047,341,8,0,0,0,0,0,true
1048,341,9,0,0,0,0,0,true
1049,341,10,0,0,0,0,0,true
1050,341,11,0,0,0,0,0,true
1051,343,12,0,0,0,0,0,true
1052,343,13,0,0,0,0,0,true
1053,343,14,0,0,0,0,0,true
1054,343,15,0,0,0,0,0,true
1055,345,8,0,0,0,0,0,true
1056,345,9,0,0,0,0,0,true
1057,345,10,0,0,0,0,0,true
1058,345,11,0,0,0,0,0,true
1059,347,12,0,0,0,0,0,true
1060,347,13,0,0,0,0,0,true
1061,347,14,0,0,0,0,0,true
1062,347,15,0,0,0,0,0,true
1063,349,8,0,0,0,0,0,true
1064,349,9,0,0,0,0,0,true
1065,349,10,0,0,0,0,0,true
1066,349,11,0,0,0,0,0,true
1067,351,12,0,0,0,0,0,true
1068,351,13,0,0,0,0,0,true
1069,351,14,0,0,0,0,0,true
1070,351,15,0,0,0,0,0,true
1071,353,8,0,0,0,0,0,true
1072,353,9,0,0,0,0,0,true
1073,353,10,0,0,0,0,0,true
1074,353,11,0,0,0,0,0,true
1075,355,12,0,0,0,0,0,true
1076,355,13,0,0,0,0,0,true
1077,355,14,0,0,0,0,0,true
1078,355,15,0,0,0,0,0,true
1079,359,8,1,1,1,0,0,false
1080,359,8,1,1,1,0,0,false
1081,359,8,1,1,1,0,0,false
1082,359,8,1,1,1,0,0,false
1083,359,8,1,1,1,0,0,false
1084,359,8,1,1,1,0,0,false
1085,359,8,1,1,1,0,0,false
1086,359,8,1,1,1,0,0,false
1087,359,8,1,1,1,0,0,false
1088,359,8,1,1,1,0,0,false
1089,359,8,1,1,1,0,0,false
1090,359,8,1,1,0,0,0,false
1091,359,8,1,1,0,0,0,false
1092,359,8,1,1,0,0,0,false
1093,359,8,1,1,0,0,0,false
1094,359,8,1,1,0,0,0,false
1095,359,8,1,1,0,0,0,false
1096,359,8,1,1,0,0,0,false
1097,359,8,1,1,0,0,0,false
1098,359,8,0,0,0,0,0,true
1099,359,9,0,0,0,0,0,true
1100,359,10,0,0,0,0,0,true
1101,359,11,0,0,0,0,0,true
1102,361,12,0,0,0,0,0,true
1103,361,13,0,0,0,0,0,true
1104,361,14,0,0,0,0,0,true
1105,361,15,0,0,0,0,0,true
1106,363,8,0,0,0,0,0,true
1107,363,9,0,0,0,0,0,true
1108,363,10,0,0,0,0,0,true
1109,363,11,0,0,0,0,0,true
1110,365,12,0,0,0,0,0,true
1111,365,13,0,0,0,0,0,true
1112,365,14,0,0,0,0,0,true
1113,365,15,0,0,0,0,0,true
1114,367,8,0,0,0,0,0,true
1115,367,9,0,0,0,0,0,true
1116,367,10,0,0,0,0,0,true
1117,367,11,0,0,0,0,0,true
1118,369,12,0,0,0,0,0,true
1119,369,13,0,0,0,0,0,true
1120,369,14,0,0,0,0,0,true
1121,369,15,0,0,0,0,0,true
1122,371,8,0,0,0,0,0,true
1123,371,9,0,0,0,0,0,true
1124,371,10,0,0,0,0,0,true
1125,371,11,0,0,0,0,0,true
1126,373,12,0,0,0,0,0,true
1127,373,13,0,0,0,0,0,true
1128,373,14,0,0,0,0,0,true
1129,373,15,0,0,0,0,0,true
1130,377,8,1,1,1,0,0,false
1131,377,8,1,1,1,0,0,false
1132,377,8,1,1,1,0,0,false
1133,377,8,1,1,1,0,0,false
1134,377,8,1,1,1,0,0,false
1135,377,8,1,1,1,0,0,false
1136,377,8,1,1,1,0,0,false
1137,377,8,1,1,1,0,0,false
1138,377,8,1,1,1,0,0,false
1139,377,8,1,1,1,0,0,false
1140,377,8,1,1,1,0,0,false
1141,377,8,1,1,0,0,0,false
1142,377,8,1,1,0,0,0,false
1143,377,8,1,1,0,0,0,false
1144,377,8,1,1,0,0,0,false
1145,377,8,1,1,0,0,0,false
1146,377,8,1,1,0,0,0,false
1147,377,8,1,1,0,0,0,false
1148,377,8,1,1,0,0,0,false
1149,377,8,0,0,0,0,0,true
1150,377,9,0,0,0,0,0,true
1151,377,10,0,0,0,0,0,true
1152,377,11,0,0,0,0,0,true
1153,379,12,0,0,0,0,0,true
1154,379,13,0,0,0,0,0,true
1155,379,14,0,0,0,0,0,true
1156,379,15,0,0,0,0,0,true
1157,381,8,0,0,0,0,0,true
1158,381,9,0,0,0,0,0,true
1159,381,10,0,0,0,0,0,true
1160,381,11,0,0,0,0,0,true
1161,383,12,0,0,0,0,0,true
1162,383,13,0,0,0,0,0,true
1163,383,14,0,0,0,0,0,true
1164,383,15,0,0,0,0,0,true
1165,385,8,0,0,0,0,0,true
1166,385,9,0,0,0,0,0,true
1167,385,10,0,0,0,0,0,true
1168,385,11,0,0,0,0,0,true
1169,387,12,0,0,0,0,0,true
1170,387,13,0,0,0,0,0,true
1171,387,14,0,0,0,0,0,true
1172,387,15,0,0,0,0,0,true
1173,389,8,0,0,0,0,0,true
1174,389,9,0,0,0,0,0,true
1175,389,10,0,0,0,0,0,true
1176,389,11,0,0,0,0,0,true
1177,391,12,0,0,0,0,0,true
1178,391,13,0,0,0,0,0,true
1179,391,14,0,0,0,0,0,true
1180,391,15,0,0,0,0,0,true
1181,395,8,1,1,1,0,0,false
1182,395,8,1,1,1,0,0,false
1183,395,8,1,1,1,0,0,false
1184,395,8,1,1,1,0,0,false
1185,395,8,1,1,1,0,0,false
1186,395,8,1,1,1,0,0,false
1187,395,8,1,1,1,0,0,false
1188,395,8,1,1,1,0,0,false
1189,395,8,1,1,1,0,0,false
1190,395,8,1,1,1,0,0,false
1191,395,8,1,1,1,0,0,false
1192,395,8,1,1,0,0,0,false
1193,395,8,1,1,0,0,0,false
1194,395,8,1,1,0,0,0,false
1195,395,8,1,1,0,0,0,false
1196,395,8,1,1,0,0,0,false
1197,395,8,1,1,0,0,0,false
1198,395,8,1,1,0,0,0,false
1199,395,8,1,1,0,0,0,false
1200,395,8,0,0,0,0,0,true
1201,395,9,0,0,0,0,0,true
1202,395,10,0,0,0,0,0,true
1203,395,11,0,0,0,0,0,true
1204,397,12,0,0,0,0,0,true
1205,397,13,0,0,0,0,0,true
1206,397,14,0,0,0,0,0,true
1207,397,15,0,0,0,0,0,true
1208,399,8,0,0,0,0,0,true
1209,399,9,0,0,0,0,0,true
1210,399,10,0,0,0,0,0,true
1211,399,11,0,0,0,0,0,true
1212,401,12,0,0,0,0,0,true
1213,401,13,0,0,0,0,0,true
1214,401,14,0,0,0,0,0,true
1215,401,15,0,0,0,0,0,true
1216,403,8,0,0,0,0,0,true
1217,403,9,0,0,0,0,0,true
1218,403,10,0,0,0,0,0,true
1219,403,11,0,0,0,0,0,true
1220,405,12,0,0,0,0,0,true
1221,405,13,0,0,0,0,0,true
1222,405,14,0,0,0,0,0,true
1223,405,15,0,0,0,0,0,true
1224,407,8,0,0,0,0,0,true
1225,407,9,0,0,0,0,0,true
1226,407,10,0,0,0,0,0,true
1227,407,11,0,0,0,0,0,true
1228,409,12,0,0,0,0,0,true
1229,409,13,0,0,0,0,0,true
1230,409,14,0,0,0,0,0,true
1231,409,15,0,0,0,0,0,true
1232,413,8,1,1,1,0,0,false
1233,413,8,1,1,1,0,0,false
1234,413,8,1,1,1,0,0,false
1235,413,8,1,1,1,0,0,false
1236,413,8,1,1,1,0,0,false
1237,413,8,1,1,1,0,0,false
1238,413,8,1,1,1,0,0,false
1239,413,8,1,1,1,0,0,false
1240,413,8,1,1,1,0,0,false
1241,413,8,1,1,1,0,0,false
1242,413,8,1,1,1,0,0,false
1243,413,8,1,1,0,0,0,false
1244,413,8,1,1,0,0,0,false
1245,413,8,1,1,0,0,0,false
1246,413,8,1,1,0,0,0,false
1247,413,8,1,1,0,0,0,false
1248,413,8,1,1,0,0,0,false
1249,413,8,1,1,0,0,0,false
1250,413,8,1,1,0,0,0,false
1251,413,8,0,0,0,0,0,true
1252,413,9,0,0,0,0,0,true
1253,413,10,0,0,0,0,0,true
1254,413,11,0,0,0,0,0,true
1255,415,12,0,0,0,0,0,true
1256,415,13,0,0,0,0,0,true
1257,415,14,0,0,0,0,0,true
1258,415,15,0,0,0,0,0,true
1259,417,8,0,0,0,0,0,true
1260,417,9,0,0,0,0,0,true
1261,417,10,0,0,0,0,0,true
1262,417,11,0,0,0,0,0,true
1263,419,12,0,0,0,0,0,true
1264,419,13,0,0,0,0,0,true
1265,419,14,0,0,0,0,0,true
1266,419,15,0,0,0,0,0,true
1267,421,8,0,0,0,0,0,true
1268,421,9,0,0,0,0,0,true
1269,421,10,0,0,0,0,0,true
1270,421,11,0,0,0,0,0,true
1271,423,12,0,0,0,0,0,true
1272,423,13,0,0,0,0,0,true
1273,423,14,0,0,0,0,0,true
1274,423,15,0,0,0,0,0,true
1275,425,8,0,0,0,0,0,true
1276,425,9,0,0,0,0,0,true
1277,425,10,0,0,0,0,0,true
1278,425,11,0,0,0,0,0,true
1279,427,12,0,0,0,0,0,true
1280,427,13,0,0,0,0,0,true
1281,427,14,0,0,0,0,0,true
1282,427,15,0,0,0,0,0,true
1283,431,8,1,1,1,0,0,false
1284,431,8,1,1,1,0,0,false
1285,431,8,1,1,1,0,0,false
1286,431,8,1,1,1,0,0,false
1287,431,8,1,1,1,0,0,false
1288,431,8,1,1,1,0,0,false
1289,431,8,1,1,1,0,0,false
1290,431,8,1,1,1,0,0,false
1291,431,8,1,1,1,0,0,false
1292,431,8,1,1,1,0,0,false
1293,431,8,1,1,1,0,0,false
1294,431,8,1,1,0,0,0,false
1295,431,8,1,1,0,0,0,false
1296,431,8,1,1,0,0,0,false
1297,431,8,1,1,0,0,0,false
1298,431,8,1,1,0,0,0,false
1299,431,8,1,1,0,0,0,false
1300,431,8,1,1,0,0,0,false
1301,431,8,1,1,0,0,0,false
1302,431,8,0,0,0,0,0,true
1303,431,9,0,0,0,0,0,true
1304,431,10,0,0,0,0,0,true
1305,431,11,0,0,0,0,0,true
1306,433,12,0,0,0,0,0,true
1307,433,13,0,0,0,0,0,true
1308,433,14,0,0,0,0,0,true
1309,433,15,0,0,0,0,0,true
1310,435,8,0,0,0,0,0,true
1311,435,9,0,0,0,0,0,true
1312,435,10,0,0,0,0,0,true
1313,435,11,0,0,0,0,0,true
1314,437,12,0,0,0,0,0,true
1315,437,13,0,0,0,0,0,true
1316,437,14,0,0,0,0,0,true
1317,437,15,0,0,0,0,0,true
1318,439,8,0,0,0,0,0,true
1319,439,9,0,0,0,0,0,true
1320,439,10,0,0,0,0,0,true
1321,439,11,0,0,0,0,0,true
1322,441,12,0,0,0,0,0,true
1323,441,13,0,0,0,0,0,true
1324,441,14,0,0,0,0,0,true
1325,441,15,0,0,0,0,0,true
1326,443,8,0,0,0,0,0,true
1327,443,9,0,0,0,0,0,true
1328,443,10,0,0,0,0,0,true
1329,443,11,0,0,0,0,0,true
1330,445,12,0,0,0,0,0,true
1331,445,13,0,0,0,0,0,true
1332,445,14,0,0,0,0,0,true
1333,445,15,0,0,0,0,0,true
1334,449,8,1,1,1,0,0,false
1335,449,8,1,1,1,0,0,false
1336,449,8,1,1,1,0,0,false
1337,449,8,1,1,1,0,0,false
1338,449,8,1,1,1,0,0,false
1339,449,8,1,1,1,0,0,false
1340,449,8,1,1,1,0,0,false
1341,449,8,1,1,1,0,0,false
1342,449,8,1,1,1,0,0,false
1343,449,8,1,1,1,0,0,false
1344,449,8,1,1,1,0,0,false
1345,449,8,1,1,0,0,0,false
1346,449,8,1,1,0,0,0,false
1347,449,8,1,1,0,0,0,false
1348,449,8,1,1,0,0,0,false
1349,449,8,1,1,0,0,0,false
1350,449,8,1,1,0,0,0,false
1351,449,8,1,1,0,0,0,false
1352,449,8,1,1,0,0,0,false
1353,449,8,0,0,0,0,0,true
1354,449,9,0,0,0,0,0,true
1355,449,10,0,0,0,0,0,true
1356,449,11,0,0,0,0,0,true
1357,451,12,0,0,0,0,0,true
1358,451,13,0,0,0,0,0,true
1359,451,14,0,0,0,0,0,true
1360,451,15,0,0,0,0,0,true
1361,453,8,0,0,0,0,0,true
1362,453,9,0,0,0,0,0,true
1363,453,10,0,0,0,0,0,true
1364,453,11,0,0,0,0,0,true
1365,455,12,0,0,0,0,0,true
1366,455,13,0,0,0,0,0,true
1367,455,14,0,0,0,0,0,true
1368,455,15,0,0,0,0,0,true
1369,457,8,0,0,0,0,0,true
1370,457,9,0,0,0,0,0,true
1371,457,10,0,0,0,0,0,true
1372,457,11,0,0,0,0,0,true
1373,459,12,0,0,0,0,0,true
1374,459,13,0,0,0,0,0,true
1375,459,14,0,0,0,0,0,true
1376,459,15,0,0,0,0,0,true
1377,461,8,0,0,0,0,0,true
1378,461,9,0,0,0,0,0,true
1379,461,10,0,0,0,0,0,true
1380,461,11,0,0,0,0,0,true
1381,463,12,0,0,0,0,0,true
1382,463,13,0,0,0,0,0,true
1383,463,14,0,0,0,0,0,true
1384,463,15,0,0,0,0,0,true
1385,467,8,1,1,1,0,0,false
1386,467,8,1,1,1,0,0,false
1387,467,8,1,1,1,0,0,false
1388,467,8,1,1,1,0,0,false
1389,467,8,1,1,1,0,0,false
1390,467,8,1,1,1,0,0,false
1391,467,8,1,1,1,0,0,false
1392,467,8,1,1,1,0,0,false
1393,467,8,1,1,1,0,0,false
1394,467,8,1,1,1,0,0,false
1395,467,8,1,1,1,0,0,false
1396,467,8,1,1,0,0,0,false
1397,467,8,1,1,0,0,0,false
1398,467,8,1,1,0,0,0,false
1399,467,8,1,1,0,0,0,false
1400,467,8,1,1,0,0,0,false
1401,467,8,1,1,0,0,0,false
1402,467,8,1,1,0,0,0,false
1403,467,8,1,1,0,0,0,false
1404,467,8,0,0,0,0,0,true
1405,467,9,0,0,0,0,0,true
1406,467,10,0,0,0,0,0,true
1407,467,11,0,0,0,0,0,true
1408,469,12,0,0,0,0,0,true
1409,469,13,0,0,0,0,0,true
1410,469,14,0,0,0,0,0,true
1411,469,15,0,0,0,0,0,true
1412,471,8,0,0,0,0,0,true
1413,471,9,0,0,0,0,0,true
1414,471,10,0,0,0,0,0,true
1415,471,11,0,0,0,0,0,true
1416,473,12,0,0,0,0,0,true
1417,473,13,0,0,0,0,0,true
1418,473,14,0,0,0,0,0,true
1419,473,15,0,0,0,0,0,true
1420,475,8,0,0,0,0,0,true
1421,475,9,0,0,0,0,0,true
1422,475,10,0,0,0,0,0,true
1423,475,11,0,0,0,0,0,true
1424,477,12,0,0,0,0,0,true
1425,477,13,0,0,0,0,0,true
1426,477,14,0,0,0,0,0,true
1427,477,15,0,0,0,0,0,true
1428,479,8,0,0,0,0,0,true
1429,479,9,0,0,0,0,0,true
1430,479,10,0,0,0,0,0,true
1431,479,11,0,0,0,0,0,true
1432,481,12,0,0,0,0,0,true
1433,481,13,0,0,0,0,0,true
1434,481,14,0,0,0,0,0,true
1435,481,15,0,0,0,0,0,true
1436,485,8,1,1,1,0,0,false
1437,485,8,1,1,1,0,0,false
1438,485,8,1,1,1,0,0,false
1439,485,8,1,1,1,0,0,false
1440,485,8,1,1,1,0,0,false
1441,485,8,1,1,1,0,0,false
1442,485,8,1,1,1,0,0,false
1443,485,8,1,1,1,0,0,false
1444,485,8,1,1,1,0,0,false
1445,485,8,1,1,1,0,0,false
1446,485,8,1,1,1,0,0,false
1447,485,8,1,1,0,0,0,false
1448,485,8,1,1,0,0,0,false
1449,485,8,1,1,0,0,0,false
1450,485,8,1,1,0,0,0,false
1451,485,8,1,1,0,0,0,false
1452,485,8,1,1,0,0,0,false
1453,485,8,1,1,0,0,0,false
1454,485,8,1,1,0,0,0,false
1455,485,8,0,0,0,0,0,true
1456,485,9,0,0,0,0,0,true
1457,485,10,0,0,0,0,0,true
1458,485,11,0,0,0,0,0,true
1459,487,12,0,0,0,0,0,true
1460,487,13,0,0,0,0,0,true
1461,487,14,0,0,0,0,0,true
1462,487,15,0,0,0,0,0,true
1463,489,8,0,0,0,0,0,true
1464,489,9,0,0,0,0,0,true
1465,489,10,0,0,0,0,0,true
1466,489,11,0,0,0,0,0,true
1467,491,12,0,0,0,0,0,true
1468,491,13,0,0,0,0,0,true
1469,491,14,0,0,0,0,0,true
1470,491,15,0,0,0,0,0,true
1471,493,8,0,0,0,0,0,true
1472,493,9,0,0,0,0,0,true
1473,493,10,0,0,0,0,0,true
1474,493,11,0,0,0,0,0,true
1475,495,12,0,0,0,0,0,true
1476,495,13,0,0,0,0,0,true
1477,495,14,0,0,0,0,0,true
1478,495,15,0,0,0,0,0,true
1479,497,8,0,0,0,0,0,true
1480,497,9,0,0,0,0,0,true
1481,497,10,0,0,0,0,0,true
1482,497,11,0,0,0,0,0,true
1483,499,12,0,0,0,0,0,true
1484,499,13,0,0,0,0,0,true
1485,499,14,0,0,0,0,0,true
1486,499,15,0,0,0,0,0,true
1487,503,8,1,1,1,0,0,false
1488,503,8,1,1,1,0,0,false
1489,503,8,1,1,1,0,0,false
1490,503,8,1,1,1,0,0,false
1491,503,8,1,1,1,0,0,false
1492,503,8,1,1,1,0,0,false
1493,503,8,1,1,1,0,0,false
1494,503,8,1,1,1,0,0,false
1495,503,8,1,1,1,0,0,false
1496,503,8,1,1,1,0,0,false
1497,503,8,1,1,1,0,0,false
1498,503,8,1,1,0,0,0,false
1499,503,8,1,1,0,0,0,false
1500,503,8,1,1,0,0,0,false
1501,503,8,1,1,0,0,0,false
1502,503,8,1,1,0,0,0,false
1503,503,8,1,1,0,0,0,false
1504,503,8,1,1,0,0,0,false
1505,503,8,1,1,0,0,0,false
1506,503,8,0,0,0,0,0,true
1507,503,9,0,0,0,0,0,true
1508,503,10,0,0,0,0,0,true
1509,503,11,0,0,0,0,0,true
1510,505,12,0,0,0,0,0,true
1511,505,13,0,0,0,0,0,true
1512,505,14,0,0,0,0,0,true
1513,505,15,0,0,0,0,0,true
1514,507,8,0,0,0,0,0,true
1515,507,9,0,0,0,0,0,true
1516,507,10,0,0,0,0,0,true
1517,507,11,0,0,0,0,0,true
1518,509,12,0,0,0,0,0,true
1519,509,13,0,0,0,0,0,true
1520,509,14,0,0,0,0,0,true
1521,509,15,0,0,0,0,0,true
1522,511,8,0,0,0,0,0,true
1523,511,9,0,0,0,0,0,true
1524,511,10,0,0,0,0,0,true
1525,511,11,0,0,0,0,0,true
1526,513,12,0,0,0,0,0,true
1527,513,13,0,0,0,0,0,true
1528,513,14,0,0,0,0,0,true
1529,513,15,0,0,0,0,0,true
1530,515,8,0,0,0,0,0,true
1531,515,9,0,0,0,0,0,true
1532,515,10,0,0,0,0,0,true
1533,515,11,0,0,0,0,0,true
1534,517,12,0,0,0,0,0,true
1535,517,13,0,0,0,0,0,true
1536,517,14,0,0,0,0,0,true
1537,517,15,0,0,0,0,0,true
1538,521,8,1,1,1,0,0,false
1539,521,8,1,1,1,0,0,false
1540,521,8,1,1,1,0,0,false
1541,521,8,1,1,1,0,0,false
1542,521,8,1,1,1,0,0,false
1543,521,8,1,1,1,0,0,false
1544,521,8,1,1,1,0,0,false
1545,521,8,1,1,1,0,0,false
1546,521,8,1,1,1,0,0,false
1547,521,8,1,1,1,0,0,false
1548,521,8,1,1,1,0,0,false
1549,521,8,1,1,0,0,0,false
1550,521,8,1,1,0,0,0,false
1551,521,8,1,1,0,0,0,false
1552,521,8,1,1,0,0,0,false
1553,521,8,1,1,0,0,0,false
1554,521,8,1,1,0,0,0,false
1555,521,8,1,1,0,0,0,false
1556,521,8,1,1,0,0,0,false
1557,521,8,0,0,0,0,0,true
1558,521,9,0,0,0,0,0,true
1559,521,10,0,0,0,0,0,true
1560,521,11,0,0,0,0,0,true
1561,523,12,0,0,0,0,0,true
1562,523,13,0,0,0,0,0,true
1563,523,14,0,0,0,0,0,true
1564,523,15,0,0,0,0,0,true
1565,525,8,0,0,0,0,0,true
1566,525,9,0,0,0,0,0,true
1567,525,10,0,0,0,0,0,true
1568,525,11,0,0,0,0,0,true
1569,527,12,0,0,0,0,0,true
1570,527,13,0,0,0,0,0,true
1571,527,14,0,0,0,0,0,true
1572,527,15,0,0,0,0,0,true
1573,529,8,0,0,0,0,0,true
1574,529,9,0,0,0,0,0,true
1575,529,10,0,0,0,0,0,true
1576,529,11,0,0,0,0,0,true
1577,531,12,0,0,0,0,0,true
1578,531,13,0,0,0,0,0,true
1579,531,14,0,0,0,0,0,true
1580,531,15,0,0,0,0,0,true
1581,533,8,0,0,0,0,0,true
1582,533,9,0,0,0,0,0,true
1583,533,10,0,0,0,0,0,true
1584,533,11,0,0,0,0,0,true
1585,535,12,0,0,0,0,0,true
1586,535,13,0,0,0,0,0,true
1587,535,14,0,0,0,0,0,true
1588,535,15,0,0,0,0,0,true
