loadRecord,register,producerDone,consumerExceptRAWReady,tReady,firstRead,linkDelay,oldDelay,eligibilityChecks
34,8,85,85,85,86,1,1,current-sequencer-otherRAW-WAR-WAW-port-credit
36,12,89,90,90,90,0,1,current-sequencer-otherRAW-WAR-WAW-port-credit
38,8,93,94,94,94,0,1,current-sequencer-otherRAW-WAR-WAW-port-credit
40,12,97,98,98,98,0,1,current-sequencer-otherRAW-WAR-WAW-port-credit
42,8,101,102,102,102,0,1,current-sequencer-otherRAW-WAR-WAW-port-credit
44,12,105,106,106,106,0,1,current-sequencer-otherRAW-WAR-WAW-port-credit
46,8,109,110,110,110,0,1,current-sequencer-otherRAW-WAR-WAW-port-credit
48,12,113,114,114,114,0,1,current-sequencer-otherRAW-WAR-WAW-port-credit
52,8,117,135,135,135,0,18,current-sequencer-otherRAW-WAR-WAW-port-credit
54,12,121,139,139,139,0,18,current-sequencer-otherRAW-WAR-WAW-port-credit
56,8,139,143,143,143,0,4,current-sequencer-otherRAW-WAR-WAW-port-credit
58,12,143,147,147,147,0,4,current-sequencer-otherRAW-WAR-WAW-port-credit
60,8,147,151,151,151,0,4,current-sequencer-otherRAW-WAR-WAW-port-credit
62,12,151,155,155,155,0,4,current-sequencer-otherRAW-WAR-WAW-port-credit
64,8,155,159,159,159,0,4,current-sequencer-otherRAW-WAR-WAW-port-credit
66,12,159,163,163,163,0,4,current-sequencer-otherRAW-WAR-WAW-port-credit
70,8,163,184,184,184,0,21,current-sequencer-otherRAW-WAR-WAW-port-credit
72,12,167,188,188,188,0,21,current-sequencer-otherRAW-WAR-WAW-port-credit
74,8,188,192,192,192,0,4,current-sequencer-otherRAW-WAR-WAW-port-credit
76,12,192,196,196,196,0,4,current-sequencer-otherRAW-WAR-WAW-port-credit
78,8,196,200,200,200,0,4,current-sequencer-otherRAW-WAR-WAW-port-credit
80,12,200,204,204,204,0,4,current-sequencer-otherRAW-WAR-WAW-port-credit
82,8,204,208,208,208,0,4,current-sequencer-otherRAW-WAR-WAW-port-credit
84,12,208,212,212,212,0,4,current-sequencer-otherRAW-WAR-WAW-port-credit
88,8,212,233,233,233,0,21,current-sequencer-otherRAW-WAR-WAW-port-credit
90,12,216,237,237,237,0,21,current-sequencer-otherRAW-WAR-WAW-port-credit
92,8,237,241,241,241,0,4,current-sequencer-otherRAW-WAR-WAW-port-credit
94,12,241,245,245,245,0,4,current-sequencer-otherRAW-WAR-WAW-port-credit
96,8,245,249,249,249,0,4,current-sequencer-otherRAW-WAR-WAW-port-credit
98,12,249,253,253,253,0,4,current-sequencer-otherRAW-WAR-WAW-port-credit
100,8,253,257,257,257,0,4,current-sequencer-otherRAW-WAR-WAW-port-credit
102,12,257,261,261,261,0,4,current-sequencer-otherRAW-WAR-WAW-port-credit
106,8,261,282,282,282,0,21,current-sequencer-otherRAW-WAR-WAW-port-credit
108,12,265,286,286,286,0,21,current-sequencer-otherRAW-WAR-WAW-port-credit
110,8,286,290,290,290,0,4,current-sequencer-otherRAW-WAR-WAW-port-credit
112,12,290,294,294,294,0,4,current-sequencer-otherRAW-WAR-WAW-port-credit
114,8,294,298,298,298,0,4,current-sequencer-otherRAW-WAR-WAW-port-credit
116,12,298,302,302,302,0,4,current-sequencer-otherRAW-WAR-WAW-port-credit
118,8,302,306,306,306,0,4,current-sequencer-otherRAW-WAR-WAW-port-credit
120,12,306,310,310,310,0,4,current-sequencer-otherRAW-WAR-WAW-port-credit
124,8,310,331,331,331,0,21,current-sequencer-otherRAW-WAR-WAW-port-credit
126,12,314,335,335,335,0,21,current-sequencer-otherRAW-WAR-WAW-port-credit
128,8,335,339,339,339,0,4,current-sequencer-otherRAW-WAR-WAW-port-credit
130,12,339,343,343,343,0,4,current-sequencer-otherRAW-WAR-WAW-port-credit
132,8,343,347,347,347,0,4,current-sequencer-otherRAW-WAR-WAW-port-credit
134,12,347,351,351,351,0,4,current-sequencer-otherRAW-WAR-WAW-port-credit
136,8,351,355,355,355,0,4,current-sequencer-otherRAW-WAR-WAW-port-credit
138,12,355,359,359,359,0,4,current-sequencer-otherRAW-WAR-WAW-port-credit
142,8,359,380,380,380,0,21,current-sequencer-otherRAW-WAR-WAW-port-credit
144,12,363,384,384,384,0,21,current-sequencer-otherRAW-WAR-WAW-port-credit
146,8,384,388,388,388,0,4,current-sequencer-otherRAW-WAR-WAW-port-credit
148,12,388,392,392,392,0,4,current-sequencer-otherRAW-WAR-WAW-port-credit
150,8,392,396,396,396,0,4,current-sequencer-otherRAW-WAR-WAW-port-credit
152,12,396,400,400,400,0,4,current-sequencer-otherRAW-WAR-WAW-port-credit
154,8,400,404,404,404,0,4,current-sequencer-otherRAW-WAR-WAW-port-credit
156,12,404,408,408,408,0,4,current-sequencer-otherRAW-WAR-WAW-port-credit
160,8,408,429,429,429,0,21,current-sequencer-otherRAW-WAR-WAW-port-credit
162,12,412,433,433,433,0,21,current-sequencer-otherRAW-WAR-WAW-port-credit
164,8,433,437,437,437,0,4,current-sequencer-otherRAW-WAR-WAW-port-credit
166,12,437,441,441,441,0,4,current-sequencer-otherRAW-WAR-WAW-port-credit
168,8,441,445,445,445,0,4,current-sequencer-otherRAW-WAR-WAW-port-credit
170,12,445,449,449,449,0,4,current-sequencer-otherRAW-WAR-WAW-port-credit
172,8,449,453,453,453,0,4,current-sequencer-otherRAW-WAR-WAW-port-credit
174,12,453,457,457,457,0,4,current-sequencer-otherRAW-WAR-WAW-port-credit
178,8,457,478,478,478,0,21,current-sequencer-otherRAW-WAR-WAW-port-credit
180,12,461,482,482,482,0,21,current-sequencer-otherRAW-WAR-WAW-port-credit
182,8,482,486,486,486,0,4,current-sequencer-otherRAW-WAR-WAW-port-credit
184,12,486,490,490,490,0,4,current-sequencer-otherRAW-WAR-WAW-port-credit
186,8,490,494,494,494,0,4,current-sequencer-otherRAW-WAR-WAW-port-credit
188,12,494,498,498,498,0,4,current-sequencer-otherRAW-WAR-WAW-port-credit
190,8,498,502,502,502,0,4,current-sequencer-otherRAW-WAR-WAW-port-credit
192,12,502,506,506,506,0,4,current-sequencer-otherRAW-WAR-WAW-port-credit
196,8,506,527,527,527,0,21,current-sequencer-otherRAW-WAR-WAW-port-credit
198,12,510,531,531,531,0,21,current-sequencer-otherRAW-WAR-WAW-port-credit
200,8,531,535,535,535,0,4,current-sequencer-otherRAW-WAR-WAW-port-credit
202,12,535,539,539,539,0,4,current-sequencer-otherRAW-WAR-WAW-port-credit
204,8,539,543,543,543,0,4,current-sequencer-otherRAW-WAR-WAW-port-credit
206,12,543,547,547,547,0,4,current-sequencer-otherRAW-WAR-WAW-port-credit
208,8,547,551,551,551,0,4,current-sequencer-otherRAW-WAR-WAW-port-credit
210,12,551,555,555,555,0,4,current-sequencer-otherRAW-WAR-WAW-port-credit
214,8,555,576,576,576,0,21,current-sequencer-otherRAW-WAR-WAW-port-credit
216,12,559,580,580,580,0,21,current-sequencer-otherRAW-WAR-WAW-port-credit
218,8,580,584,584,584,0,4,current-sequencer-otherRAW-WAR-WAW-port-credit
220,12,584,588,588,588,0,4,current-sequencer-otherRAW-WAR-WAW-port-credit
222,8,588,592,592,592,0,4,current-sequencer-otherRAW-WAR-WAW-port-credit
224,12,592,596,596,596,0,4,current-sequencer-otherRAW-WAR-WAW-port-credit
226,8,596,600,600,600,0,4,current-sequencer-otherRAW-WAR-WAW-port-credit
228,12,600,604,604,604,0,4,current-sequencer-otherRAW-WAR-WAW-port-credit
232,8,604,625,625,625,0,21,current-sequencer-otherRAW-WAR-WAW-port-credit
234,12,608,629,629,629,0,21,current-sequencer-otherRAW-WAR-WAW-port-credit
236,8,629,633,633,633,0,4,current-sequencer-otherRAW-WAR-WAW-port-credit
238,12,633,637,637,637,0,4,current-sequencer-otherRAW-WAR-WAW-port-credit
240,8,637,641,641,641,0,4,current-sequencer-otherRAW-WAR-WAW-port-credit
242,12,641,645,645,645,0,4,current-sequencer-otherRAW-WAR-WAW-port-credit
244,8,645,649,649,649,0,4,current-sequencer-otherRAW-WAR-WAW-port-credit
246,12,649,653,653,653,0,4,current-sequencer-otherRAW-WAR-WAW-port-credit
250,8,653,674,674,674,0,21,current-sequencer-otherRAW-WAR-WAW-port-credit
252,12,657,678,678,678,0,21,current-sequencer-otherRAW-WAR-WAW-port-credit
254,8,678,682,682,682,0,4,current-sequencer-otherRAW-WAR-WAW-port-credit
256,12,682,686,686,686,0,4,current-sequencer-otherRAW-WAR-WAW-port-credit
258,8,686,690,690,690,0,4,current-sequencer-otherRAW-WAR-WAW-port-credit
260,12,690,694,694,694,0,4,current-sequencer-otherRAW-WAR-WAW-port-credit
262,8,694,698,698,698,0,4,current-sequencer-otherRAW-WAR-WAW-port-credit
264,12,698,702,702,702,0,4,current-sequencer-otherRAW-WAR-WAW-port-credit
268,8,702,723,723,723,0,21,current-sequencer-otherRAW-WAR-WAW-port-credit
270,12,706,727,727,727,0,21,current-sequencer-otherRAW-WAR-WAW-port-credit
272,8,727,731,731,731,0,4,current-sequencer-otherRAW-WAR-WAW-port-credit
274,12,731,735,735,735,0,4,current-sequencer-otherRAW-WAR-WAW-port-credit
276,8,735,739,739,739,0,4,current-sequencer-otherRAW-WAR-WAW-port-credit
278,12,739,743,743,743,0,4,current-sequencer-otherRAW-WAR-WAW-port-credit
280,8,743,747,747,747,0,4,current-sequencer-otherRAW-WAR-WAW-port-credit
282,12,747,751,751,751,0,4,current-sequencer-otherRAW-WAR-WAW-port-credit
286,8,751,772,772,772,0,21,current-sequencer-otherRAW-WAR-WAW-port-credit
288,12,755,776,776,776,0,21,current-sequencer-otherRAW-WAR-WAW-port-credit
290,8,776,780,780,780,0,4,current-sequencer-otherRAW-WAR-WAW-port-credit
292,12,780,784,784,784,0,4,current-sequencer-otherRAW-WAR-WAW-port-credit
294,8,784,788,788,788,0,4,current-sequencer-otherRAW-WAR-WAW-port-credit
296,12,788,792,792,792,0,4,current-sequencer-otherRAW-WAR-WAW-port-credit
298,8,792,796,796,796,0,4,current-sequencer-otherRAW-WAR-WAW-port-credit
300,12,796,800,800,800,0,4,current-sequencer-otherRAW-WAR-WAW-port-credit
304,8,800,821,821,821,0,21,current-sequencer-otherRAW-WAR-WAW-port-credit
306,12,804,825,825,825,0,21,current-sequencer-otherRAW-WAR-WAW-port-credit
308,8,825,829,829,829,0,4,current-sequencer-otherRAW-WAR-WAW-port-credit
310,12,829,833,833,833,0,4,current-sequencer-otherRAW-WAR-WAW-port-credit
312,8,833,837,837,837,0,4,current-sequencer-otherRAW-WAR-WAW-port-credit
314,12,837,841,841,841,0,4,current-sequencer-otherRAW-WAR-WAW-port-credit
316,8,841,845,845,845,0,4,current-sequencer-otherRAW-WAR-WAW-port-credit
318,12,845,849,849,849,0,4,current-sequencer-otherRAW-WAR-WAW-port-credit
322,8,849,870,870,870,0,21,current-sequencer-otherRAW-WAR-WAW-port-credit
324,12,853,874,874,874,0,21,current-sequencer-otherRAW-WAR-WAW-port-credit
326,8,874,878,878,878,0,4,current-sequencer-otherRAW-WAR-WAW-port-credit
328,12,878,882,882,882,0,4,current-sequencer-otherRAW-WAR-WAW-port-credit
330,8,882,886,886,886,0,4,current-sequencer-otherRAW-WAR-WAW-port-credit
332,12,886,890,890,890,0,4,current-sequencer-otherRAW-WAR-WAW-port-credit
334,8,890,894,894,894,0,4,current-sequencer-otherRAW-WAR-WAW-port-credit
336,12,894,898,898,898,0,4,current-sequencer-otherRAW-WAR-WAW-port-credit
340,8,898,919,919,919,0,21,current-sequencer-otherRAW-WAR-WAW-port-credit
342,12,902,923,923,923,0,21,current-sequencer-otherRAW-WAR-WAW-port-credit
344,8,923,927,927,927,0,4,current-sequencer-otherRAW-WAR-WAW-port-credit
346,12,927,931,931,931,0,4,current-sequencer-otherRAW-WAR-WAW-port-credit
348,8,931,935,935,935,0,4,current-sequencer-otherRAW-WAR-WAW-port-credit
350,12,935,939,939,939,0,4,current-sequencer-otherRAW-WAR-WAW-port-credit
352,8,939,943,943,943,0,4,current-sequencer-otherRAW-WAR-WAW-port-credit
354,12,943,947,947,947,0,4,current-sequencer-otherRAW-WAR-WAW-port-credit
358,8,947,968,968,968,0,21,current-sequencer-otherRAW-WAR-WAW-port-credit
360,12,951,972,972,972,0,21,current-sequencer-otherRAW-WAR-WAW-port-credit
362,8,972,976,976,976,0,4,current-sequencer-otherRAW-WAR-WAW-port-credit
364,12,976,980,980,980,0,4,current-sequencer-otherRAW-WAR-WAW-port-credit
366,8,980,984,984,984,0,4,current-sequencer-otherRAW-WAR-WAW-port-credit
368,12,984,988,988,988,0,4,current-sequencer-otherRAW-WAR-WAW-port-credit
370,8,988,992,992,992,0,4,current-sequencer-otherRAW-WAR-WAW-port-credit
372,12,992,996,996,996,0,4,current-sequencer-otherRAW-WAR-WAW-port-credit
376,8,996,1017,1017,1017,0,21,current-sequencer-otherRAW-WAR-WAW-port-credit
378,12,1000,1021,1021,1021,0,21,current-sequencer-otherRAW-WAR-WAW-port-credit
380,8,1021,1025,1025,1025,0,4,current-sequencer-otherRAW-WAR-WAW-port-credit
382,12,1025,1029,1029,1029,0,4,current-sequencer-otherRAW-WAR-WAW-port-credit
384,8,1029,1033,1033,1033,0,4,current-sequencer-otherRAW-WAR-WAW-port-credit
386,12,1033,1037,1037,1037,0,4,current-sequencer-otherRAW-WAR-WAW-port-credit
388,8,1037,1041,1041,1041,0,4,current-sequencer-otherRAW-WAR-WAW-port-credit
390,12,1041,1045,1045,1045,0,4,current-sequencer-otherRAW-WAR-WAW-port-credit
394,8,1045,1066,1066,1066,0,21,current-sequencer-otherRAW-WAR-WAW-port-credit
396,12,1049,1070,1070,1070,0,21,current-sequencer-otherRAW-WAR-WAW-port-credit
398,8,1070,1074,1074,1074,0,4,current-sequencer-otherRAW-WAR-WAW-port-credit
400,12,1074,1078,1078,1078,0,4,current-sequencer-otherRAW-WAR-WAW-port-credit
402,8,1078,1082,1082,1082,0,4,current-sequencer-otherRAW-WAR-WAW-port-credit
404,12,1082,1086,1086,1086,0,4,current-sequencer-otherRAW-WAR-WAW-port-credit
406,8,1086,1090,1090,1090,0,4,current-sequencer-otherRAW-WAR-WAW-port-credit
408,12,1090,1094,1094,1094,0,4,current-sequencer-otherRAW-WAR-WAW-port-credit
412,8,1094,1115,1115,1115,0,21,current-sequencer-otherRAW-WAR-WAW-port-credit
414,12,1098,1119,1119,1119,0,21,current-sequencer-otherRAW-WAR-WAW-port-credit
416,8,1119,1123,1123,1123,0,4,current-sequencer-otherRAW-WAR-WAW-port-credit
418,12,1123,1127,1127,1127,0,4,current-sequencer-otherRAW-WAR-WAW-port-credit
420,8,1127,1131,1131,1131,0,4,current-sequencer-otherRAW-WAR-WAW-port-credit
422,12,1131,1135,1135,1135,0,4,current-sequencer-otherRAW-WAR-WAW-port-credit
424,8,1135,1139,1139,1139,0,4,current-sequencer-otherRAW-WAR-WAW-port-credit
426,12,1139,1143,1143,1143,0,4,current-sequencer-otherRAW-WAR-WAW-port-credit
430,8,1143,1164,1164,1164,0,21,current-sequencer-otherRAW-WAR-WAW-port-credit
432,12,1147,1168,1168,1168,0,21,current-sequencer-otherRAW-WAR-WAW-port-credit
434,8,1168,1172,1172,1172,0,4,current-sequencer-otherRAW-WAR-WAW-port-credit
436,12,1172,1176,1176,1176,0,4,current-sequencer-otherRAW-WAR-WAW-port-credit
438,8,1176,1180,1180,1180,0,4,current-sequencer-otherRAW-WAR-WAW-port-credit
440,12,1180,1184,1184,1184,0,4,current-sequencer-otherRAW-WAR-WAW-port-credit
442,8,1184,1188,1188,1188,0,4,current-sequencer-otherRAW-WAR-WAW-port-credit
444,12,1188,1192,1192,1192,0,4,current-sequencer-otherRAW-WAR-WAW-port-credit
448,8,1192,1213,1213,1213,0,21,current-sequencer-otherRAW-WAR-WAW-port-credit
450,12,1196,1217,1217,1217,0,21,current-sequencer-otherRAW-WAR-WAW-port-credit
452,8,1217,1221,1221,1221,0,4,current-sequencer-otherRAW-WAR-WAW-port-credit
454,12,1221,1225,1225,1225,0,4,current-sequencer-otherRAW-WAR-WAW-port-credit
456,8,1225,1229,1229,1229,0,4,current-sequencer-otherRAW-WAR-WAW-port-credit
458,12,1229,1233,1233,1233,0,4,current-sequencer-otherRAW-WAR-WAW-port-credit
460,8,1233,1237,1237,1237,0,4,current-sequencer-otherRAW-WAR-WAW-port-credit
462,12,1237,1241,1241,1241,0,4,current-sequencer-otherRAW-WAR-WAW-port-credit
466,8,1241,1262,1262,1262,0,21,current-sequencer-otherRAW-WAR-WAW-port-credit
468,12,1245,1266,1266,1266,0,21,current-sequencer-otherRAW-WAR-WAW-port-credit
470,8,1266,1270,1270,1270,0,4,current-sequencer-otherRAW-WAR-WAW-port-credit
472,12,1270,1274,1274,1274,0,4,current-sequencer-otherRAW-WAR-WAW-port-credit
474,8,1274,1278,1278,1278,0,4,current-sequencer-otherRAW-WAR-WAW-port-credit
476,12,1278,1282,1282,1282,0,4,current-sequencer-otherRAW-WAR-WAW-port-credit
478,8,1282,1286,1286,1286,0,4,current-sequencer-otherRAW-WAR-WAW-port-credit
480,12,1286,1290,1290,1290,0,4,current-sequencer-otherRAW-WAR-WAW-port-credit
484,8,1290,1311,1311,1311,0,21,current-sequencer-otherRAW-WAR-WAW-port-credit
486,12,1294,1315,1315,1315,0,21,current-sequencer-otherRAW-WAR-WAW-port-credit
488,8,1315,1319,1319,1319,0,4,current-sequencer-otherRAW-WAR-WAW-port-credit
490,12,1319,1323,1323,1323,0,4,current-sequencer-otherRAW-WAR-WAW-port-credit
492,8,1323,1327,1327,1327,0,4,current-sequencer-otherRAW-WAR-WAW-port-credit
494,12,1327,1331,1331,1331,0,4,current-sequencer-otherRAW-WAR-WAW-port-credit
496,8,1331,1335,1335,1335,0,4,current-sequencer-otherRAW-WAR-WAW-port-credit
498,12,1335,1339,1339,1339,0,4,current-sequencer-otherRAW-WAR-WAW-port-credit
502,8,1339,1360,1360,1360,0,21,current-sequencer-otherRAW-WAR-WAW-port-credit
504,12,1343,1364,1364,1364,0,21,current-sequencer-otherRAW-WAR-WAW-port-credit
506,8,1364,1368,1368,1368,0,4,current-sequencer-otherRAW-WAR-WAW-port-credit
508,12,1368,1372,1372,1372,0,4,current-sequencer-otherRAW-WAR-WAW-port-credit
510,8,1372,1376,1376,1376,0,4,current-sequencer-otherRAW-WAR-WAW-port-credit
512,12,1376,1380,1380,1380,0,4,current-sequencer-otherRAW-WAR-WAW-port-credit
514,8,1380,1384,1384,1384,0,4,current-sequencer-otherRAW-WAR-WAW-port-credit
516,12,1384,1388,1388,1388,0,4,current-sequencer-otherRAW-WAR-WAW-port-credit
520,8,1388,1409,1409,1409,0,21,current-sequencer-otherRAW-WAR-WAW-port-credit
522,12,1392,1413,1413,1413,0,21,current-sequencer-otherRAW-WAR-WAW-port-credit
524,8,1413,1417,1417,1417,0,4,current-sequencer-otherRAW-WAR-WAW-port-credit
526,12,1417,1421,1421,1421,0,4,current-sequencer-otherRAW-WAR-WAW-port-credit
528,8,1421,1425,1425,1425,0,4,current-sequencer-otherRAW-WAR-WAW-port-credit
530,12,1425,1429,1429,1429,0,4,current-sequencer-otherRAW-WAR-WAW-port-credit
532,8,1429,1433,1433,1433,0,4,current-sequencer-otherRAW-WAR-WAW-port-credit
534,12,1433,1437,1437,1437,0,4,current-sequencer-otherRAW-WAR-WAW-port-credit
