quant,mode,vlen,phase,symbol,calls,blocks32,scalar,vector,vset,scalar_per_block,vector_per_block,vset_per_block
q4_0,rvv,128,decode,ggml_vec_dot_q4_0_q8_0,4561920,167731200,2733880320,2357360640,507755520,16.299175824175823,14.054395604395605,3.027197802197802
q4_0,rvv,128,decode,ggml_vec_dot_q8_0_q8_0,2279040,63813120,984545280,515063040,193718400,15.428571428571429,8.071428571428571,3.0357142857142856
q4_0,rvv,128,prefill,ggml_vec_dot_q4_0_q8_0,9402752,345160704,5626001536,4851055360,1044884864,16.299658306410223,14.054483328438222,3.027241664219111
q4_0,rvv,128,prefill,ggml_vec_dot_q8_0_q8_0,151936,4254208,65636352,34337536,12914560,15.428571428571429,8.071428571428571,3.0357142857142856
q4_0,rvv,256,decode,ggml_vec_dot_q4_0_q8_0,4561920,167731200,2733880320,2357360640,507755520,16.299175824175823,14.054395604395605,3.027197802197802
q4_0,rvv,256,decode,ggml_vec_dot_q8_0_q8_0,2279040,63813120,984545280,515063040,193718400,15.428571428571429,8.071428571428571,3.0357142857142856
q4_0,rvv,256,prefill,ggml_vec_dot_q4_0_q8_0,9402752,345160704,5626001536,4851055360,1044884864,16.299658306410223,14.054483328438222,3.027241664219111
q4_0,rvv,256,prefill,ggml_vec_dot_q8_0_q8_0,151936,4254208,65636352,34337536,12914560,15.428571428571429,8.071428571428571,3.0357142857142856
q4_0,rvv,512,decode,ggml_vec_dot_q4_0_q8_0,4561920,167731200,2733880320,2357360640,507755520,16.299175824175823,14.054395604395605,3.027197802197802
q4_0,rvv,512,decode,ggml_vec_dot_q8_0_q8_0,2279040,63813120,984545280,515063040,193718400,15.428571428571429,8.071428571428571,3.0357142857142856
q4_0,rvv,512,prefill,ggml_vec_dot_q4_0_q8_0,9402752,345160704,5626001536,4851055360,1044884864,16.299658306410223,14.054483328438222,3.027241664219111
q4_0,rvv,512,prefill,ggml_vec_dot_q8_0_q8_0,151936,4254208,65636352,34337536,12914560,15.428571428571429,8.071428571428571,3.0357142857142856
q4_0,rvv,1024,decode,ggml_vec_dot_q4_0_q8_0,4561920,167731200,2733880320,2357360640,507755520,16.299175824175823,14.054395604395605,3.027197802197802
q4_0,rvv,1024,decode,ggml_vec_dot_q8_0_q8_0,2279040,63813120,984545280,515063040,193718400,15.428571428571429,8.071428571428571,3.0357142857142856
q4_0,rvv,1024,prefill,ggml_vec_dot_q4_0_q8_0,9402752,345160704,5626001536,4851055360,1044884864,16.299658306410223,14.054483328438222,3.027241664219111
q4_0,rvv,1024,prefill,ggml_vec_dot_q8_0_q8_0,151936,4254208,65636352,34337536,12914560,15.428571428571429,8.071428571428571,3.0357142857142856
q4_0,scalar,128,decode,ggml_vec_dot_q4_0_q8_0,4561920,167731200,4561920,0,0,0.0271978021978022,0.0,0.0
q4_0,scalar,128,decode,ggml_vec_dot_q4_0_q8_0_generic,4561920,167731200,32033157120,0,0,190.97912087912087,0.0,0.0
q4_0,scalar,128,decode,ggml_vec_dot_q8_0_q8_0,2279040,63813120,2279040,0,0,0.03571428571428571,0.0,0.0
q4_0,scalar,128,decode,ggml_vec_dot_q8_0_q8_0_generic,2279040,63813120,15467844480,0,0,242.39285714285714,0.0,0.0
q4_0,scalar,128,prefill,ggml_vec_dot_q4_0_q8_0,9402752,345160704,9402752,0,0,0.027241664219111106,0.0,0.0
q4_0,scalar,128,prefill,ggml_vec_dot_q4_0_q8_0_generic,9402752,345160704,65919032832,0,0,190.980699911888,0.0,0.0
q4_0,scalar,128,prefill,ggml_vec_dot_q8_0_q8_0,151936,4254208,151936,0,0,0.03571428571428571,0.0,0.0
q4_0,scalar,128,prefill,ggml_vec_dot_q8_0_q8_0_generic,151936,4254208,1031189632,0,0,242.39285714285714,0.0,0.0
q8_0,rvv,128,decode,ggml_vec_dot_q8_0_q8_0,6840960,231544320,3555256320,1866036480,701473920,15.35453912235895,8.059089853726492,3.0295449268632457
q8_0,rvv,128,prefill,ggml_vec_dot_q8_0_q8_0,9554688,349414912,5355879936,2814428672,1057799424,15.32813784432875,8.054689640721458,3.0273448203607294
q8_0,rvv,256,decode,ggml_vec_dot_q8_0_q8_0,6840960,231544320,3555256320,1866036480,701473920,15.35453912235895,8.059089853726492,3.0295449268632457
q8_0,rvv,256,prefill,ggml_vec_dot_q8_0_q8_0,9554688,349414912,5355879936,2814428672,1057799424,15.32813784432875,8.054689640721458,3.0273448203607294
q8_0,scalar,128,decode,ggml_vec_dot_q8_0_q8_0,6840960,231544320,6840960,0,0,0.02954492686324588,0.0,0.0
q8_0,scalar,128,decode,ggml_vec_dot_q8_0_q8_0_generic,6840960,231544320,56108976000,0,0,242.3249941954957,0.0,0.0
q8_0,scalar,128,prefill,ggml_vec_dot_q8_0_q8_0,9554688,349414912,9554688,0,0,0.027344820360729195,0.0,0.0
q8_0,scalar,128,prefill,ggml_vec_dot_q8_0_q8_0_generic,9554688,349414912,84663510272,0,0,242.30079302396803,0.0,0.0
