quant,mode,vlen,phase,symbol,opcode,sew,lmul_log2,vl,count
q4_0,rvv,128,decode,ggml_vec_dot_q4_0_q8_0,vadd.vi,8,0,16,335462400
q4_0,rvv,128,decode,ggml_vec_dot_q4_0_q8_0,vand.vi,8,0,16,167731200
q4_0,rvv,128,decode,ggml_vec_dot_q4_0_q8_0,vle8.v,8,0,16,503193600
q4_0,rvv,128,decode,ggml_vec_dot_q4_0_q8_0,vmv.v.i,32,0,4,4561920
q4_0,rvv,128,decode,ggml_vec_dot_q4_0_q8_0,vmv.x.s,32,0,0,167731200
q4_0,rvv,128,decode,ggml_vec_dot_q4_0_q8_0,vsetivli,0,0,0,340024320
q4_0,rvv,128,decode,ggml_vec_dot_q4_0_q8_0,vsetvli,0,0,0,167731200
q4_0,rvv,128,decode,ggml_vec_dot_q4_0_q8_0,vsrl.vi,8,0,16,167731200
q4_0,rvv,128,decode,ggml_vec_dot_q4_0_q8_0,vwmacc.vv,8,0,16,167731200
q4_0,rvv,128,decode,ggml_vec_dot_q4_0_q8_0,vwmul.vv,8,0,16,167731200
q4_0,rvv,128,decode,ggml_vec_dot_q4_0_q8_0,vwredsum.vs,16,1,16,167731200
q4_0,rvv,128,decode,ggml_vec_dot_q8_0_q8_0,vle8.v,8,1,32,127626240
q4_0,rvv,128,decode,ggml_vec_dot_q8_0_q8_0,vmv.v.i,32,0,4,2279040
q4_0,rvv,128,decode,ggml_vec_dot_q8_0_q8_0,vmv.x.s,32,0,0,63813120
q4_0,rvv,128,decode,ggml_vec_dot_q8_0_q8_0,vsetivli,0,0,0,63813120
q4_0,rvv,128,decode,ggml_vec_dot_q8_0_q8_0,vsetvli,0,0,0,129905280
q4_0,rvv,128,decode,ggml_vec_dot_q8_0_q8_0,vwmul.vv,8,1,32,63813120
q4_0,rvv,128,decode,ggml_vec_dot_q8_0_q8_0,vwredsum.vs,16,2,32,63813120
q4_0,rvv,128,prefill,ggml_vec_dot_q4_0_q8_0,vadd.vi,8,0,16,690321408
q4_0,rvv,128,prefill,ggml_vec_dot_q4_0_q8_0,vand.vi,8,0,16,345160704
q4_0,rvv,128,prefill,ggml_vec_dot_q4_0_q8_0,vle8.v,8,0,16,1035482112
q4_0,rvv,128,prefill,ggml_vec_dot_q4_0_q8_0,vmv.v.i,32,0,4,9402752
q4_0,rvv,128,prefill,ggml_vec_dot_q4_0_q8_0,vmv.x.s,32,0,0,345160704
q4_0,rvv,128,prefill,ggml_vec_dot_q4_0_q8_0,vsetivli,0,0,0,699724160
q4_0,rvv,128,prefill,ggml_vec_dot_q4_0_q8_0,vsetvli,0,0,0,345160704
q4_0,rvv,128,prefill,ggml_vec_dot_q4_0_q8_0,vsrl.vi,8,0,16,345160704
q4_0,rvv,128,prefill,ggml_vec_dot_q4_0_q8_0,vwmacc.vv,8,0,16,345160704
q4_0,rvv,128,prefill,ggml_vec_dot_q4_0_q8_0,vwmul.vv,8,0,16,345160704
q4_0,rvv,128,prefill,ggml_vec_dot_q4_0_q8_0,vwredsum.vs,16,1,16,345160704
q4_0,rvv,128,prefill,ggml_vec_dot_q8_0_q8_0,vle8.v,8,1,32,8508416
q4_0,rvv,128,prefill,ggml_vec_dot_q8_0_q8_0,vmv.v.i,32,0,4,151936
q4_0,rvv,128,prefill,ggml_vec_dot_q8_0_q8_0,vmv.x.s,32,0,0,4254208
q4_0,rvv,128,prefill,ggml_vec_dot_q8_0_q8_0,vsetivli,0,0,0,4254208
q4_0,rvv,128,prefill,ggml_vec_dot_q8_0_q8_0,vsetvli,0,0,0,8660352
q4_0,rvv,128,prefill,ggml_vec_dot_q8_0_q8_0,vwmul.vv,8,1,32,4254208
q4_0,rvv,128,prefill,ggml_vec_dot_q8_0_q8_0,vwredsum.vs,16,2,32,4254208
q4_0,rvv,256,decode,ggml_vec_dot_q4_0_q8_0,vadd.vi,8,0,16,335462400
q4_0,rvv,256,decode,ggml_vec_dot_q4_0_q8_0,vand.vi,8,0,16,167731200
q4_0,rvv,256,decode,ggml_vec_dot_q4_0_q8_0,vle8.v,8,0,16,503193600
q4_0,rvv,256,decode,ggml_vec_dot_q4_0_q8_0,vmv.v.i,32,0,8,4561920
q4_0,rvv,256,decode,ggml_vec_dot_q4_0_q8_0,vmv.x.s,32,0,0,167731200
q4_0,rvv,256,decode,ggml_vec_dot_q4_0_q8_0,vsetivli,0,0,0,340024320
q4_0,rvv,256,decode,ggml_vec_dot_q4_0_q8_0,vsetvli,0,0,0,167731200
q4_0,rvv,256,decode,ggml_vec_dot_q4_0_q8_0,vsrl.vi,8,0,16,167731200
q4_0,rvv,256,decode,ggml_vec_dot_q4_0_q8_0,vwmacc.vv,8,0,16,167731200
q4_0,rvv,256,decode,ggml_vec_dot_q4_0_q8_0,vwmul.vv,8,0,16,167731200
q4_0,rvv,256,decode,ggml_vec_dot_q4_0_q8_0,vwredsum.vs,16,1,16,167731200
q4_0,rvv,256,decode,ggml_vec_dot_q8_0_q8_0,vle8.v,8,1,32,127626240
q4_0,rvv,256,decode,ggml_vec_dot_q8_0_q8_0,vmv.v.i,32,0,8,2279040
q4_0,rvv,256,decode,ggml_vec_dot_q8_0_q8_0,vmv.x.s,32,0,0,63813120
q4_0,rvv,256,decode,ggml_vec_dot_q8_0_q8_0,vsetivli,0,0,0,63813120
q4_0,rvv,256,decode,ggml_vec_dot_q8_0_q8_0,vsetvli,0,0,0,129905280
q4_0,rvv,256,decode,ggml_vec_dot_q8_0_q8_0,vwmul.vv,8,1,32,63813120
q4_0,rvv,256,decode,ggml_vec_dot_q8_0_q8_0,vwredsum.vs,16,2,32,63813120
q4_0,rvv,256,prefill,ggml_vec_dot_q4_0_q8_0,vadd.vi,8,0,16,690321408
q4_0,rvv,256,prefill,ggml_vec_dot_q4_0_q8_0,vand.vi,8,0,16,345160704
q4_0,rvv,256,prefill,ggml_vec_dot_q4_0_q8_0,vle8.v,8,0,16,1035482112
q4_0,rvv,256,prefill,ggml_vec_dot_q4_0_q8_0,vmv.v.i,32,0,8,9402752
q4_0,rvv,256,prefill,ggml_vec_dot_q4_0_q8_0,vmv.x.s,32,0,0,345160704
q4_0,rvv,256,prefill,ggml_vec_dot_q4_0_q8_0,vsetivli,0,0,0,699724160
q4_0,rvv,256,prefill,ggml_vec_dot_q4_0_q8_0,vsetvli,0,0,0,345160704
q4_0,rvv,256,prefill,ggml_vec_dot_q4_0_q8_0,vsrl.vi,8,0,16,345160704
q4_0,rvv,256,prefill,ggml_vec_dot_q4_0_q8_0,vwmacc.vv,8,0,16,345160704
q4_0,rvv,256,prefill,ggml_vec_dot_q4_0_q8_0,vwmul.vv,8,0,16,345160704
q4_0,rvv,256,prefill,ggml_vec_dot_q4_0_q8_0,vwredsum.vs,16,1,16,345160704
q4_0,rvv,256,prefill,ggml_vec_dot_q8_0_q8_0,vle8.v,8,1,32,8508416
q4_0,rvv,256,prefill,ggml_vec_dot_q8_0_q8_0,vmv.v.i,32,0,8,151936
q4_0,rvv,256,prefill,ggml_vec_dot_q8_0_q8_0,vmv.x.s,32,0,0,4254208
q4_0,rvv,256,prefill,ggml_vec_dot_q8_0_q8_0,vsetivli,0,0,0,4254208
q4_0,rvv,256,prefill,ggml_vec_dot_q8_0_q8_0,vsetvli,0,0,0,8660352
q4_0,rvv,256,prefill,ggml_vec_dot_q8_0_q8_0,vwmul.vv,8,1,32,4254208
q4_0,rvv,256,prefill,ggml_vec_dot_q8_0_q8_0,vwredsum.vs,16,2,32,4254208
q4_0,rvv,512,decode,ggml_vec_dot_q4_0_q8_0,vadd.vi,8,0,16,335462400
q4_0,rvv,512,decode,ggml_vec_dot_q4_0_q8_0,vand.vi,8,0,16,167731200
q4_0,rvv,512,decode,ggml_vec_dot_q4_0_q8_0,vle8.v,8,0,16,503193600
q4_0,rvv,512,decode,ggml_vec_dot_q4_0_q8_0,vmv.v.i,32,0,16,4561920
q4_0,rvv,512,decode,ggml_vec_dot_q4_0_q8_0,vmv.x.s,32,0,0,167731200
q4_0,rvv,512,decode,ggml_vec_dot_q4_0_q8_0,vsetivli,0,0,0,340024320
q4_0,rvv,512,decode,ggml_vec_dot_q4_0_q8_0,vsetvli,0,0,0,167731200
q4_0,rvv,512,decode,ggml_vec_dot_q4_0_q8_0,vsrl.vi,8,0,16,167731200
q4_0,rvv,512,decode,ggml_vec_dot_q4_0_q8_0,vwmacc.vv,8,0,16,167731200
q4_0,rvv,512,decode,ggml_vec_dot_q4_0_q8_0,vwmul.vv,8,0,16,167731200
q4_0,rvv,512,decode,ggml_vec_dot_q4_0_q8_0,vwredsum.vs,16,1,16,167731200
q4_0,rvv,512,decode,ggml_vec_dot_q8_0_q8_0,vle8.v,8,1,32,127626240
q4_0,rvv,512,decode,ggml_vec_dot_q8_0_q8_0,vmv.v.i,32,0,16,2279040
q4_0,rvv,512,decode,ggml_vec_dot_q8_0_q8_0,vmv.x.s,32,0,0,63813120
q4_0,rvv,512,decode,ggml_vec_dot_q8_0_q8_0,vsetivli,0,0,0,63813120
q4_0,rvv,512,decode,ggml_vec_dot_q8_0_q8_0,vsetvli,0,0,0,129905280
q4_0,rvv,512,decode,ggml_vec_dot_q8_0_q8_0,vwmul.vv,8,1,32,63813120
q4_0,rvv,512,decode,ggml_vec_dot_q8_0_q8_0,vwredsum.vs,16,2,32,63813120
q4_0,rvv,512,prefill,ggml_vec_dot_q4_0_q8_0,vadd.vi,8,0,16,690321408
q4_0,rvv,512,prefill,ggml_vec_dot_q4_0_q8_0,vand.vi,8,0,16,345160704
q4_0,rvv,512,prefill,ggml_vec_dot_q4_0_q8_0,vle8.v,8,0,16,1035482112
q4_0,rvv,512,prefill,ggml_vec_dot_q4_0_q8_0,vmv.v.i,32,0,16,9402752
q4_0,rvv,512,prefill,ggml_vec_dot_q4_0_q8_0,vmv.x.s,32,0,0,345160704
q4_0,rvv,512,prefill,ggml_vec_dot_q4_0_q8_0,vsetivli,0,0,0,699724160
q4_0,rvv,512,prefill,ggml_vec_dot_q4_0_q8_0,vsetvli,0,0,0,345160704
q4_0,rvv,512,prefill,ggml_vec_dot_q4_0_q8_0,vsrl.vi,8,0,16,345160704
q4_0,rvv,512,prefill,ggml_vec_dot_q4_0_q8_0,vwmacc.vv,8,0,16,345160704
q4_0,rvv,512,prefill,ggml_vec_dot_q4_0_q8_0,vwmul.vv,8,0,16,345160704
q4_0,rvv,512,prefill,ggml_vec_dot_q4_0_q8_0,vwredsum.vs,16,1,16,345160704
q4_0,rvv,512,prefill,ggml_vec_dot_q8_0_q8_0,vle8.v,8,1,32,8508416
q4_0,rvv,512,prefill,ggml_vec_dot_q8_0_q8_0,vmv.v.i,32,0,16,151936
q4_0,rvv,512,prefill,ggml_vec_dot_q8_0_q8_0,vmv.x.s,32,0,0,4254208
q4_0,rvv,512,prefill,ggml_vec_dot_q8_0_q8_0,vsetivli,0,0,0,4254208
q4_0,rvv,512,prefill,ggml_vec_dot_q8_0_q8_0,vsetvli,0,0,0,8660352
q4_0,rvv,512,prefill,ggml_vec_dot_q8_0_q8_0,vwmul.vv,8,1,32,4254208
q4_0,rvv,512,prefill,ggml_vec_dot_q8_0_q8_0,vwredsum.vs,16,2,32,4254208
q4_0,rvv,1024,decode,ggml_vec_dot_q4_0_q8_0,vadd.vi,8,0,16,335462400
q4_0,rvv,1024,decode,ggml_vec_dot_q4_0_q8_0,vand.vi,8,0,16,167731200
q4_0,rvv,1024,decode,ggml_vec_dot_q4_0_q8_0,vle8.v,8,0,16,503193600
q4_0,rvv,1024,decode,ggml_vec_dot_q4_0_q8_0,vmv.v.i,32,0,16,4561920
q4_0,rvv,1024,decode,ggml_vec_dot_q4_0_q8_0,vmv.x.s,32,0,0,167731200
q4_0,rvv,1024,decode,ggml_vec_dot_q4_0_q8_0,vsetivli,0,0,0,340024320
q4_0,rvv,1024,decode,ggml_vec_dot_q4_0_q8_0,vsetvli,0,0,0,167731200
q4_0,rvv,1024,decode,ggml_vec_dot_q4_0_q8_0,vsrl.vi,8,0,16,167731200
q4_0,rvv,1024,decode,ggml_vec_dot_q4_0_q8_0,vwmacc.vv,8,0,16,167731200
q4_0,rvv,1024,decode,ggml_vec_dot_q4_0_q8_0,vwmul.vv,8,0,16,167731200
q4_0,rvv,1024,decode,ggml_vec_dot_q4_0_q8_0,vwredsum.vs,16,1,16,167731200
q4_0,rvv,1024,decode,ggml_vec_dot_q8_0_q8_0,vle8.v,8,1,32,127626240
q4_0,rvv,1024,decode,ggml_vec_dot_q8_0_q8_0,vmv.v.i,32,0,32,2279040
q4_0,rvv,1024,decode,ggml_vec_dot_q8_0_q8_0,vmv.x.s,32,0,0,63813120
q4_0,rvv,1024,decode,ggml_vec_dot_q8_0_q8_0,vsetivli,0,0,0,63813120
q4_0,rvv,1024,decode,ggml_vec_dot_q8_0_q8_0,vsetvli,0,0,0,129905280
q4_0,rvv,1024,decode,ggml_vec_dot_q8_0_q8_0,vwmul.vv,8,1,32,63813120
q4_0,rvv,1024,decode,ggml_vec_dot_q8_0_q8_0,vwredsum.vs,16,2,32,63813120
q4_0,rvv,1024,prefill,ggml_vec_dot_q4_0_q8_0,vadd.vi,8,0,16,690321408
q4_0,rvv,1024,prefill,ggml_vec_dot_q4_0_q8_0,vand.vi,8,0,16,345160704
q4_0,rvv,1024,prefill,ggml_vec_dot_q4_0_q8_0,vle8.v,8,0,16,1035482112
q4_0,rvv,1024,prefill,ggml_vec_dot_q4_0_q8_0,vmv.v.i,32,0,16,9402752
q4_0,rvv,1024,prefill,ggml_vec_dot_q4_0_q8_0,vmv.x.s,32,0,0,345160704
q4_0,rvv,1024,prefill,ggml_vec_dot_q4_0_q8_0,vsetivli,0,0,0,699724160
q4_0,rvv,1024,prefill,ggml_vec_dot_q4_0_q8_0,vsetvli,0,0,0,345160704
q4_0,rvv,1024,prefill,ggml_vec_dot_q4_0_q8_0,vsrl.vi,8,0,16,345160704
q4_0,rvv,1024,prefill,ggml_vec_dot_q4_0_q8_0,vwmacc.vv,8,0,16,345160704
q4_0,rvv,1024,prefill,ggml_vec_dot_q4_0_q8_0,vwmul.vv,8,0,16,345160704
q4_0,rvv,1024,prefill,ggml_vec_dot_q4_0_q8_0,vwredsum.vs,16,1,16,345160704
q4_0,rvv,1024,prefill,ggml_vec_dot_q8_0_q8_0,vle8.v,8,1,32,8508416
q4_0,rvv,1024,prefill,ggml_vec_dot_q8_0_q8_0,vmv.v.i,32,0,32,151936
q4_0,rvv,1024,prefill,ggml_vec_dot_q8_0_q8_0,vmv.x.s,32,0,0,4254208
q4_0,rvv,1024,prefill,ggml_vec_dot_q8_0_q8_0,vsetivli,0,0,0,4254208
q4_0,rvv,1024,prefill,ggml_vec_dot_q8_0_q8_0,vsetvli,0,0,0,8660352
q4_0,rvv,1024,prefill,ggml_vec_dot_q8_0_q8_0,vwmul.vv,8,1,32,4254208
q4_0,rvv,1024,prefill,ggml_vec_dot_q8_0_q8_0,vwredsum.vs,16,2,32,4254208
q8_0,rvv,128,decode,ggml_vec_dot_q8_0_q8_0,vle8.v,8,1,32,463088640
q8_0,rvv,128,decode,ggml_vec_dot_q8_0_q8_0,vmv.v.i,32,0,4,6840960
q8_0,rvv,128,decode,ggml_vec_dot_q8_0_q8_0,vmv.x.s,32,0,0,231544320
q8_0,rvv,128,decode,ggml_vec_dot_q8_0_q8_0,vsetivli,0,0,0,231544320
q8_0,rvv,128,decode,ggml_vec_dot_q8_0_q8_0,vsetvli,0,0,0,469929600
q8_0,rvv,128,decode,ggml_vec_dot_q8_0_q8_0,vwmul.vv,8,1,32,231544320
q8_0,rvv,128,decode,ggml_vec_dot_q8_0_q8_0,vwredsum.vs,16,2,32,231544320
q8_0,rvv,128,prefill,ggml_vec_dot_q8_0_q8_0,vle8.v,8,1,32,698829824
q8_0,rvv,128,prefill,ggml_vec_dot_q8_0_q8_0,vmv.v.i,32,0,4,9554688
q8_0,rvv,128,prefill,ggml_vec_dot_q8_0_q8_0,vmv.x.s,32,0,0,349414912
q8_0,rvv,128,prefill,ggml_vec_dot_q8_0_q8_0,vsetivli,0,0,0,349414912
q8_0,rvv,128,prefill,ggml_vec_dot_q8_0_q8_0,vsetvli,0,0,0,708384512
q8_0,rvv,128,prefill,ggml_vec_dot_q8_0_q8_0,vwmul.vv,8,1,32,349414912
q8_0,rvv,128,prefill,ggml_vec_dot_q8_0_q8_0,vwredsum.vs,16,2,32,349414912
q8_0,rvv,256,decode,ggml_vec_dot_q8_0_q8_0,vle8.v,8,1,32,463088640
q8_0,rvv,256,decode,ggml_vec_dot_q8_0_q8_0,vmv.v.i,32,0,8,6840960
q8_0,rvv,256,decode,ggml_vec_dot_q8_0_q8_0,vmv.x.s,32,0,0,231544320
q8_0,rvv,256,decode,ggml_vec_dot_q8_0_q8_0,vsetivli,0,0,0,231544320
q8_0,rvv,256,decode,ggml_vec_dot_q8_0_q8_0,vsetvli,0,0,0,469929600
q8_0,rvv,256,decode,ggml_vec_dot_q8_0_q8_0,vwmul.vv,8,1,32,231544320
q8_0,rvv,256,decode,ggml_vec_dot_q8_0_q8_0,vwredsum.vs,16,2,32,231544320
q8_0,rvv,256,prefill,ggml_vec_dot_q8_0_q8_0,vle8.v,8,1,32,698829824
q8_0,rvv,256,prefill,ggml_vec_dot_q8_0_q8_0,vmv.v.i,32,0,8,9554688
q8_0,rvv,256,prefill,ggml_vec_dot_q8_0_q8_0,vmv.x.s,32,0,0,349414912
q8_0,rvv,256,prefill,ggml_vec_dot_q8_0_q8_0,vsetivli,0,0,0,349414912
q8_0,rvv,256,prefill,ggml_vec_dot_q8_0_q8_0,vsetvli,0,0,0,708384512
q8_0,rvv,256,prefill,ggml_vec_dot_q8_0_q8_0,vwmul.vv,8,1,32,349414912
q8_0,rvv,256,prefill,ggml_vec_dot_q8_0_q8_0,vwredsum.vs,16,2,32,349414912
