quant,mode,vlen,phase,kind,category,bytes,bytes_per_token
q4_0,scalar,128,prefill,load,unit,0,0.0
q4_0,scalar,128,prefill,load,strided,0,0.0
q4_0,scalar,128,prefill,load,indexed,0,0.0
q4_0,scalar,128,prefill,load,segmented,0,0.0
q4_0,scalar,128,prefill,store,unit,0,0.0
q4_0,scalar,128,prefill,store,strided,0,0.0
q4_0,scalar,128,prefill,store,indexed,0,0.0
q4_0,scalar,128,prefill,store,segmented,0,0.0
q4_0,scalar,128,decode,load,unit,0,0.0
q4_0,scalar,128,decode,load,strided,0,0.0
q4_0,scalar,128,decode,load,indexed,0,0.0
q4_0,scalar,128,decode,load,segmented,0,0.0
q4_0,scalar,128,decode,store,unit,0,0.0
q4_0,scalar,128,decode,store,strided,0,0.0
q4_0,scalar,128,decode,store,indexed,0,0.0
q4_0,scalar,128,decode,store,segmented,0,0.0
q4_0,rvv,128,prefill,load,unit,17077878206,533683693.9375
q4_0,rvv,128,prefill,load,strided,16,0.5
q4_0,rvv,128,prefill,load,indexed,186664960,5833280.0
q4_0,rvv,128,prefill,load,segmented,3145728,98304.0
q4_0,rvv,128,prefill,store,unit,111065802,3470806.3125
q4_0,rvv,128,prefill,store,strided,0,0.0
q4_0,rvv,128,prefill,store,indexed,0,0.0
q4_0,rvv,128,prefill,store,segmented,384,12.0
q4_0,rvv,128,decode,load,unit,12328244734,821882982.2666667
q4_0,rvv,128,decode,load,strided,240,16.0
q4_0,rvv,128,decode,load,indexed,209287680,13952512.0
q4_0,rvv,128,decode,load,segmented,1474560,98304.0
q4_0,rvv,128,decode,store,unit,87171988,5811465.866666666
q4_0,rvv,128,decode,store,strided,0,0.0
q4_0,rvv,128,decode,store,indexed,0,0.0
q4_0,rvv,128,decode,store,segmented,180,12.0
q4_0,rvv,256,prefill,load,unit,17077880734,533683772.9375
q4_0,rvv,256,prefill,load,strided,32,1.0
q4_0,rvv,256,prefill,load,indexed,186664960,5833280.0
q4_0,rvv,256,prefill,load,segmented,3145728,98304.0
q4_0,rvv,256,prefill,store,unit,111065802,3470806.3125
q4_0,rvv,256,prefill,store,strided,0,0.0
q4_0,rvv,256,prefill,store,indexed,0,0.0
q4_0,rvv,256,prefill,store,segmented,384,12.0
q4_0,rvv,256,decode,load,unit,12328303390,821886892.6666666
q4_0,rvv,256,decode,load,strided,480,32.0
q4_0,rvv,256,decode,load,indexed,209287680,13952512.0
q4_0,rvv,256,decode,load,segmented,1474560,98304.0
q4_0,rvv,256,decode,store,unit,87171988,5811465.866666666
q4_0,rvv,256,decode,store,strided,0,0.0
q4_0,rvv,256,decode,store,indexed,0,0.0
q4_0,rvv,256,decode,store,segmented,180,12.0
q4_0,rvv,512,prefill,load,unit,17077885790,533683930.9375
q4_0,rvv,512,prefill,load,strided,64,2.0
q4_0,rvv,512,prefill,load,indexed,186664960,5833280.0
q4_0,rvv,512,prefill,load,segmented,3145728,98304.0
q4_0,rvv,512,prefill,store,unit,111065802,3470806.3125
q4_0,rvv,512,prefill,store,strided,0,0.0
q4_0,rvv,512,prefill,store,indexed,0,0.0
q4_0,rvv,512,prefill,store,segmented,384,12.0
q4_0,rvv,512,decode,load,unit,12328420702,821894713.4666667
q4_0,rvv,512,decode,load,strided,960,64.0
q4_0,rvv,512,decode,load,indexed,209287680,13952512.0
q4_0,rvv,512,decode,load,segmented,1474560,98304.0
q4_0,rvv,512,decode,store,unit,87171988,5811465.866666666
q4_0,rvv,512,decode,store,strided,0,0.0
q4_0,rvv,512,decode,store,indexed,0,0.0
q4_0,rvv,512,decode,store,segmented,180,12.0
q4_0,rvv,1024,prefill,load,unit,17077895902,533684246.9375
q4_0,rvv,1024,prefill,load,strided,128,4.0
q4_0,rvv,1024,prefill,load,indexed,186664960,5833280.0
q4_0,rvv,1024,prefill,load,segmented,3145728,98304.0
q4_0,rvv,1024,prefill,store,unit,111065802,3470806.3125
q4_0,rvv,1024,prefill,store,strided,0,0.0
q4_0,rvv,1024,prefill,store,indexed,0,0.0
q4_0,rvv,1024,prefill,store,segmented,384,12.0
q4_0,rvv,1024,decode,load,unit,12328652950,821910196.6666666
q4_0,rvv,1024,decode,load,strided,1920,128.0
q4_0,rvv,1024,decode,load,indexed,209287680,13952512.0
q4_0,rvv,1024,decode,load,segmented,1474560,98304.0
q4_0,rvv,1024,decode,store,unit,87171988,5811465.866666666
q4_0,rvv,1024,decode,store,strided,0,0.0
q4_0,rvv,1024,decode,store,indexed,0,0.0
q4_0,rvv,1024,decode,store,segmented,180,12.0
q8_0,scalar,128,prefill,load,unit,0,0.0
q8_0,scalar,128,prefill,load,strided,0,0.0
q8_0,scalar,128,prefill,load,indexed,0,0.0
q8_0,scalar,128,prefill,load,segmented,0,0.0
q8_0,scalar,128,prefill,store,unit,0,0.0
q8_0,scalar,128,prefill,store,strided,0,0.0
q8_0,scalar,128,prefill,store,indexed,0,0.0
q8_0,scalar,128,prefill,store,segmented,0,0.0
q8_0,scalar,128,decode,load,unit,0,0.0
q8_0,scalar,128,decode,load,strided,0,0.0
q8_0,scalar,128,decode,load,indexed,0,0.0
q8_0,scalar,128,decode,load,segmented,0,0.0
q8_0,scalar,128,decode,store,unit,0,0.0
q8_0,scalar,128,decode,store,strided,0,0.0
q8_0,scalar,128,decode,store,indexed,0,0.0
q8_0,scalar,128,decode,store,segmented,0,0.0
q8_0,rvv,128,prefill,load,unit,22600502078,706265689.9375
q8_0,rvv,128,prefill,load,strided,16,0.5
q8_0,rvv,128,prefill,load,indexed,186741504,5835672.0
q8_0,rvv,128,prefill,load,segmented,3145728,98304.0
q8_0,rvv,128,prefill,store,unit,111104074,3472002.3125
q8_0,rvv,128,prefill,store,strided,0,0.0
q8_0,rvv,128,prefill,store,indexed,0,0.0
q8_0,rvv,128,prefill,store,segmented,384,12.0
q8_0,rvv,128,decode,load,unit,15012012734,1000800848.9333333
q8_0,rvv,128,decode,load,strided,240,16.0
q8_0,rvv,128,decode,load,indexed,209411840,13960789.333333334
q8_0,rvv,128,decode,load,segmented,1474560,98304.0
q8_0,rvv,128,decode,store,unit,87234068,5815604.533333333
q8_0,rvv,128,decode,store,strided,0,0.0
q8_0,rvv,128,decode,store,indexed,0,0.0
q8_0,rvv,128,decode,store,segmented,180,12.0
q8_0,rvv,256,prefill,load,unit,22600504606,706265768.9375
q8_0,rvv,256,prefill,load,strided,32,1.0
q8_0,rvv,256,prefill,load,indexed,186741504,5835672.0
q8_0,rvv,256,prefill,load,segmented,3145728,98304.0
q8_0,rvv,256,prefill,store,unit,111104074,3472002.3125
q8_0,rvv,256,prefill,store,strided,0,0.0
q8_0,rvv,256,prefill,store,indexed,0,0.0
q8_0,rvv,256,prefill,store,segmented,384,12.0
q8_0,rvv,256,decode,load,unit,15012071390,1000804759.3333334
q8_0,rvv,256,decode,load,strided,480,32.0
q8_0,rvv,256,decode,load,indexed,209411840,13960789.333333334
q8_0,rvv,256,decode,load,segmented,1474560,98304.0
q8_0,rvv,256,decode,store,unit,87234068,5815604.533333333
q8_0,rvv,256,decode,store,strided,0,0.0
q8_0,rvv,256,decode,store,indexed,0,0.0
q8_0,rvv,256,decode,store,segmented,180,12.0
