quant,mode,vlen,phase,group,exclusive_symbol_instructions,fraction,vector,symbols
q4_0,scalar,128,prefill,RMSNorm,20294346,0.00029724867917450837,0,ggml_compute_forward_rms_norm_mul_fused;ggml_rms_norm
q4_0,scalar,128,prefill,RoPE,7694928,0.00011270662204847308,0,_Z29ggml_compute_forward_rope_fltIfEvPK19ggml_compute_paramsP11ggml_tensorb;ggml_compute_forward_rope;ggml_rope_ext;ggml_rope_impl;ggml_rope_yarn_corr_dims
q4_0,scalar,128,prefill,softmax/attention,483009475,0.007074577740643759,0,_ZL49ggml_compute_forward_flash_attn_ext_f16_one_chunkPK19ggml_compute_paramsP11ggml_tensoriillPfl;ggml_compute_forward_flash_attn_ext;ggml_flash_attn_ext;ggml_flash_attn_ext_add_sinks;ggml_flash_attn_ext_set_n_kv_max
q4_0,scalar,128,prefill,SiLU/Swiglu,46619744,0.000682833402340421,0,ggml_swiglu_split;ggml_vec_swiglu_f32
q4_0,scalar,128,prefill,activation_quantization,168857524,0.0024732344652879106,0,quantize_row_q8_0;quantize_row_q8_0_ref
q4_0,scalar,128,prefill,sampling/argmax,2127253,3.115760145806179e-05,0,_ZL26llama_sampler_greedy_applyP13llama_samplerP22llama_token_data_array;_ZNSt8_Rb_treeIiSt4pairIKiP13llama_samplerESt10_Select1stIS4_ESt4lessIiESaIS4_EE8_M_eraseEPSt13_Rb_tree_nodeIS4_E.isra.0;llama_sampler_sample
q4_0,scalar,128,prefill,embedding_lookup,10753,1.5749780984139565e-07,0,ggml_compute_forward_get_rows;ggml_get_rows
q4_0,scalar,128,decode,RMSNorm,10011190,0.00020578134625545358,0,ggml_compute_forward_rms_norm_mul_fused;ggml_rms_norm
q4_0,scalar,128,decode,RoPE,3858912,7.932045105939702e-05,0,_Z29ggml_compute_forward_rope_fltIfEvPK19ggml_compute_paramsP11ggml_tensorb;ggml_compute_forward_rope;ggml_rope_ext;ggml_rope_impl;ggml_rope_yarn_corr_dims
q4_0,scalar,128,decode,softmax/attention,493790130,0.010149922009177274,0,_ZL49ggml_compute_forward_flash_attn_ext_f16_one_chunkPK19ggml_compute_paramsP11ggml_tensoriillPfl;ggml_compute_forward_flash_attn_ext;ggml_flash_attn_ext;ggml_flash_attn_ext_add_sinks;ggml_flash_attn_ext_set_n_kv_max
q4_0,scalar,128,decode,SiLU/Swiglu,22772232,0.00046808626728705777,0,ggml_swiglu_split;ggml_vec_swiglu_f32
q4_0,scalar,128,decode,activation_quantization,81569855,0.001676679253491557,0,quantize_row_q8_0;quantize_row_q8_0_ref
q4_0,scalar,128,decode,sampling/argmax,31908653,0.0006558866200260026,0,_ZL26llama_sampler_greedy_applyP13llama_samplerP22llama_token_data_array;_ZNSt8_Rb_treeIiSt4pairIKiP13llama_samplerESt10_Select1stIS4_ESt4lessIiESaIS4_EE8_M_eraseEPSt13_Rb_tree_nodeIS4_E.isra.0;llama_sampler_sample
q4_0,scalar,128,decode,embedding_lookup,139990,2.8775131290387e-06,0,ggml_compute_forward_get_rows;ggml_get_rows
q4_0,rvv,128,prefill,RMSNorm,12906545,0.0011535022198902343,8096550,ggml_compute_forward_rms_norm_mul_fused;ggml_rms_norm
q4_0,rvv,128,prefill,RoPE,4262256,0.00038093244611477897,984624,_Z29ggml_compute_forward_rope_fltIfEvPK19ggml_compute_paramsP11ggml_tensorb;ggml_compute_forward_rope;ggml_rope_ext;ggml_rope_impl;ggml_rope_yarn_corr_dims
q4_0,rvv,128,prefill,softmax/attention,196188296,0.017534021301012965,118303560,_ZL49ggml_compute_forward_flash_attn_ext_f16_one_chunkPK19ggml_compute_paramsP11ggml_tensoriillPfl;ggml_compute_forward_flash_attn_ext;ggml_flash_attn_ext;ggml_flash_attn_ext_add_sinks;ggml_flash_attn_ext_set_n_kv_max
q4_0,rvv,128,prefill,SiLU/Swiglu,16593627,0.001483029391717964,12994784,ggml_swiglu_split;ggml_vec_swiglu_f32
q4_0,rvv,128,prefill,activation_quantization,10242504,0.0009154077331489259,2643308,quantize_row_q8_0
q4_0,rvv,128,prefill,sampling/argmax,2127256,0.00019012016912929217,3,_ZL26llama_sampler_greedy_applyP13llama_samplerP22llama_token_data_array;_ZNSt8_Rb_treeIiSt4pairIKiP13llama_samplerESt10_Select1stIS4_ESt4lessIiESaIS4_EE8_M_eraseEPSt13_Rb_tree_nodeIS4_E.isra.0;llama_sampler_sample
q4_0,rvv,128,prefill,embedding_lookup,5411,4.83599639704201e-07,1344,ggml_compute_forward_get_rows;ggml_get_rows
q4_0,rvv,128,decode,RMSNorm,6416863,0.0008914425164838422,3953712,ggml_compute_forward_rms_norm_mul_fused;ggml_rms_norm
q4_0,rvv,128,decode,RoPE,2245440,0.0003119406919258645,474480,_Z29ggml_compute_forward_rope_fltIfEvPK19ggml_compute_paramsP11ggml_tensorb;ggml_compute_forward_rope;ggml_rope_ext;ggml_rope_impl;ggml_rope_yarn_corr_dims
q4_0,rvv,128,decode,softmax/attention,184571898,0.02564107060183754,128162862,_ZL49ggml_compute_forward_flash_attn_ext_f16_one_chunkPK19ggml_compute_paramsP11ggml_tensoriillPfl;ggml_compute_forward_flash_attn_ext;ggml_flash_attn_ext;ggml_flash_attn_ext_add_sinks;ggml_flash_attn_ext_set_n_kv_max
q4_0,rvv,128,decode,SiLU/Swiglu,8105472,0.001126027212513236,6347520,ggml_swiglu_split;ggml_vec_swiglu_f32
q4_0,rvv,128,decode,activation_quantization,4947300,0.0006872880972837527,1276890,quantize_row_q8_0
q4_0,rvv,128,decode,sampling/argmax,31908664,0.004432810819523089,45,_ZL26llama_sampler_greedy_applyP13llama_samplerP22llama_token_data_array;_ZNSt8_Rb_treeIiSt4pairIKiP13llama_samplerESt10_Select1stIS4_ESt4lessIiESaIS4_EE8_M_eraseEPSt13_Rb_tree_nodeIS4_E.isra.0;llama_sampler_sample
q4_0,rvv,128,decode,embedding_lookup,59860,8.315862289209353e-06,20160,ggml_compute_forward_get_rows;ggml_get_rows
q4_0,rvv,256,prefill,RMSNorm,6497009,0.000589383359111647,4048422,ggml_compute_forward_rms_norm_mul_fused;ggml_rms_norm
q4_0,rvv,256,prefill,RoPE,3327696,0.00030187562408831375,492816,_Z29ggml_compute_forward_rope_fltIfEvPK19ggml_compute_paramsP11ggml_tensorb;ggml_compute_forward_rope;ggml_rope_ext;ggml_rope_impl;ggml_rope_yarn_corr_dims
q4_0,rvv,256,prefill,softmax/attention,126949064,0.011516324785204923,60334344,_ZL49ggml_compute_forward_flash_attn_ext_f16_one_chunkPK19ggml_compute_paramsP11ggml_tensoriillPfl;ggml_compute_forward_flash_attn_ext;ggml_flash_attn_ext;ggml_flash_attn_ext_add_sinks;ggml_flash_attn_ext_set_n_kv_max
q4_0,rvv,256,prefill,SiLU/Swiglu,8303851,0.0007532930300608494,6497392,ggml_swiglu_split;ggml_vec_swiglu_f32
q4_0,rvv,256,prefill,activation_quantization,10242504,0.0009291600816982831,2643308,quantize_row_q8_0
q4_0,rvv,256,prefill,sampling/argmax,2127256,0.00019297638143496578,3,_ZL26llama_sampler_greedy_applyP13llama_samplerP22llama_token_data_array;_ZNSt8_Rb_treeIiSt4pairIKiP13llama_samplerESt10_Select1stIS4_ESt4lessIiESaIS4_EE8_M_eraseEPSt13_Rb_tree_nodeIS4_E.isra.0;llama_sampler_sample
q4_0,rvv,256,prefill,embedding_lookup,3619,3.2830158871952467e-07,672,ggml_compute_forward_get_rows;ggml_get_rows
q4_0,rvv,256,decode,RMSNorm,3288703,0.00046779065901747833,1978032,ggml_compute_forward_rms_norm_mul_fused;ggml_rms_norm
q4_0,rvv,256,decode,RoPE,1807008,0.0002570318642850557,243792,_Z29ggml_compute_forward_rope_fltIfEvPK19ggml_compute_paramsP11ggml_tensorb;ggml_compute_forward_rope;ggml_rope_ext;ggml_rope_impl;ggml_rope_yarn_corr_dims
q4_0,rvv,256,decode,softmax/attention,109808538,0.015619351567096759,65409822,_ZL49ggml_compute_forward_flash_attn_ext_f16_one_chunkPK19ggml_compute_paramsP11ggml_tensoriillPfl;ggml_compute_forward_flash_attn_ext;ggml_flash_attn_ext;ggml_flash_attn_ext_add_sinks;ggml_flash_attn_ext_set_n_kv_max
q4_0,rvv,256,decode,SiLU/Swiglu,4056192,0.0005769595882575664,3173760,ggml_swiglu_split;ggml_vec_swiglu_f32
q4_0,rvv,256,decode,activation_quantization,4947300,0.0007037122924621563,1276890,quantize_row_q8_0
q4_0,rvv,256,decode,sampling/argmax,31908664,0.004538742160945299,45,_ZL26llama_sampler_greedy_applyP13llama_samplerP22llama_token_data_array;_ZNSt8_Rb_treeIiSt4pairIKiP13llama_samplerESt10_Select1stIS4_ESt4lessIiESaIS4_EE8_M_eraseEPSt13_Rb_tree_nodeIS4_E.isra.0;llama_sampler_sample
q4_0,rvv,256,decode,embedding_lookup,32980,4.691130799709318e-06,10080,ggml_compute_forward_get_rows;ggml_get_rows
q4_0,rvv,512,prefill,RMSNorm,3292241,0.00030091832341036794,2024358,ggml_compute_forward_rms_norm_mul_fused;ggml_rms_norm
q4_0,rvv,512,prefill,RoPE,2860416,0.00026144853520024535,246912,_Z29ggml_compute_forward_rope_fltIfEvPK19ggml_compute_paramsP11ggml_tensorb;ggml_compute_forward_rope;ggml_rope_ext;ggml_rope_impl;ggml_rope_yarn_corr_dims
q4_0,rvv,512,prefill,softmax/attention,92377832,0.00844354417727154,31371240,_ZL49ggml_compute_forward_flash_attn_ext_f16_one_chunkPK19ggml_compute_paramsP11ggml_tensoriillPfl;ggml_compute_forward_flash_attn_ext;ggml_flash_attn_ext;ggml_flash_attn_ext_add_sinks;ggml_flash_attn_ext_set_n_kv_max
q4_0,rvv,512,prefill,SiLU/Swiglu,4158963,0.00038013868762516294,3248696,ggml_swiglu_split;ggml_vec_swiglu_f32
q4_0,rvv,512,prefill,activation_quantization,10242504,0.0009361881864675117,2643308,quantize_row_q8_0
q4_0,rvv,512,prefill,sampling/argmax,2127256,0.00019443604188898857,3,_ZL26llama_sampler_greedy_applyP13llama_samplerP22llama_token_data_array;_ZNSt8_Rb_treeIiSt4pairIKiP13llama_samplerESt10_Select1stIS4_ESt4lessIiESaIS4_EE8_M_eraseEPSt13_Rb_tree_nodeIS4_E.isra.0;llama_sampler_sample
q4_0,rvv,512,prefill,embedding_lookup,2723,2.488883999216436e-07,336,ggml_compute_forward_get_rows;ggml_get_rows
q4_0,rvv,512,decode,RMSNorm,1724623,0.00024827904420638883,990192,ggml_compute_forward_rms_norm_mul_fused;ggml_rms_norm
q4_0,rvv,512,decode,RoPE,1587792,0.00022858066960637229,128448,_Z29ggml_compute_forward_rope_fltIfEvPK19ggml_compute_paramsP11ggml_tensorb;ggml_compute_forward_rope;ggml_rope_ext;ggml_rope_impl;ggml_rope_yarn_corr_dims
q4_0,rvv,512,decode,softmax/attention,72449538,0.010429932830441463,34043382,_ZL49ggml_compute_forward_flash_attn_ext_f16_one_chunkPK19ggml_compute_paramsP11ggml_tensoriillPfl;ggml_compute_forward_flash_attn_ext;ggml_flash_attn_ext;ggml_flash_attn_ext_add_sinks;ggml_flash_attn_ext_set_n_kv_max
q4_0,rvv,512,decode,SiLU/Swiglu,2031552,0.0002924649554224765,1586880,ggml_swiglu_split;ggml_vec_swiglu_f32
q4_0,rvv,512,decode,activation_quantization,4947300,0.0007122199549711836,1276890,quantize_row_q8_0
q4_0,rvv,512,decode,sampling/argmax,31908664,0.004593614140494942,45,_ZL26llama_sampler_greedy_applyP13llama_samplerP22llama_token_data_array;_ZNSt8_Rb_treeIiSt4pairIKiP13llama_samplerESt10_Select1stIS4_ESt4lessIiESaIS4_EE8_M_eraseEPSt13_Rb_tree_nodeIS4_E.isra.0;llama_sampler_sample
q4_0,rvv,512,decode,embedding_lookup,19540,2.8130046530707512e-06,5040,ggml_compute_forward_get_rows;ggml_get_rows
q4_0,rvv,1024,prefill,RMSNorm,1689857,0.00015501341809568114,1012326,ggml_compute_forward_rms_norm_mul_fused;ggml_rms_norm
q4_0,rvv,1024,prefill,RoPE,2626944,0.0002409739809853384,124032,_Z29ggml_compute_forward_rope_fltIfEvPK19ggml_compute_paramsP11ggml_tensorb;ggml_compute_forward_rope;ggml_rope_ext;ggml_rope_impl;ggml_rope_yarn_corr_dims
q4_0,rvv,1024,prefill,softmax/attention,75092216,0.006888334974225155,16889688,_ZL49ggml_compute_forward_flash_attn_ext_f16_one_chunkPK19ggml_compute_paramsP11ggml_tensoriillPfl;ggml_compute_forward_flash_attn_ext;ggml_flash_attn_ext;ggml_flash_attn_ext_add_sinks;ggml_flash_attn_ext_set_n_kv_max
q4_0,rvv,1024,prefill,SiLU/Swiglu,2086519,0.0001913998889323668,1624348,ggml_swiglu_split;ggml_vec_swiglu_f32
q4_0,rvv,1024,prefill,activation_quantization,10242504,0.0009395620782697509,2643308,quantize_row_q8_0
q4_0,rvv,1024,prefill,sampling/argmax,2127256,0.00019513676229677794,3,_ZL26llama_sampler_greedy_applyP13llama_samplerP22llama_token_data_array;_ZNSt8_Rb_treeIiSt4pairIKiP13llama_samplerESt10_Select1stIS4_ESt4lessIiESaIS4_EE8_M_eraseEPSt13_Rb_tree_nodeIS4_E.isra.0;llama_sampler_sample
q4_0,rvv,1024,prefill,embedding_lookup,2275,2.0868956732295965e-07,168,ggml_compute_forward_get_rows;ggml_get_rows
q4_0,rvv,1024,decode,RMSNorm,942583,0.00013649117553988217,496272,ggml_compute_forward_rms_norm_mul_fused;ggml_rms_norm
q4_0,rvv,1024,decode,RoPE,1478352,0.0002140734580845781,70848,_Z29ggml_compute_forward_rope_fltIfEvPK19ggml_compute_paramsP11ggml_tensorb;ggml_compute_forward_rope;ggml_rope_ext;ggml_rope_impl;ggml_rope_yarn_corr_dims
q4_0,rvv,1024,decode,softmax/attention,53770038,0.007786195693582565,18360162,_ZL49ggml_compute_forward_flash_attn_ext_f16_one_chunkPK19ggml_compute_paramsP11ggml_tensoriillPfl;ggml_compute_forward_flash_attn_ext;ggml_flash_attn_ext;ggml_flash_attn_ext_add_sinks;ggml_flash_attn_ext_set_n_kv_max
q4_0,rvv,1024,decode,SiLU/Swiglu,1019232,0.0001475903701083779,793440,ggml_swiglu_split;ggml_vec_swiglu_f32
q4_0,rvv,1024,decode,activation_quantization,4947300,0.0007163961080864593,1276890,quantize_row_q8_0
q4_0,rvv,1024,decode,sampling/argmax,31908664,0.004620549128582967,45,_ZL26llama_sampler_greedy_applyP13llama_samplerP22llama_token_data_array;_ZNSt8_Rb_treeIiSt4pairIKiP13llama_samplerESt10_Select1stIS4_ESt4lessIiESaIS4_EE8_M_eraseEPSt13_Rb_tree_nodeIS4_E.isra.0;llama_sampler_sample
q4_0,rvv,1024,decode,embedding_lookup,12820,1.8564061418689805e-06,2520,ggml_compute_forward_get_rows;ggml_get_rows
q8_0,scalar,128,prefill,RMSNorm,20294346,0.00023601398775811264,0,ggml_compute_forward_rms_norm_mul_fused;ggml_rms_norm
q8_0,scalar,128,prefill,RoPE,7694928,8.948850299445758e-05,0,_Z29ggml_compute_forward_rope_fltIfEvPK19ggml_compute_paramsP11ggml_tensorb;ggml_compute_forward_rope;ggml_rope_ext;ggml_rope_impl;ggml_rope_yarn_corr_dims
q8_0,scalar,128,prefill,softmax/attention,483576131,0.005623769845155368,0,_ZL49ggml_compute_forward_flash_attn_ext_f16_one_chunkPK19ggml_compute_paramsP11ggml_tensoriillPfl;ggml_compute_forward_flash_attn_ext;ggml_flash_attn_ext;ggml_flash_attn_ext_add_sinks;ggml_flash_attn_ext_set_n_kv_max
q8_0,scalar,128,prefill,SiLU/Swiglu,46619744,0.0005421663595221223,0,ggml_swiglu_split;ggml_vec_swiglu_f32
q8_0,scalar,128,prefill,activation_quantization,169106845,0.0019666354779623372,0,dequantize_row_q8_0;quantize_row_q8_0;quantize_row_q8_0_ref
q8_0,scalar,128,prefill,sampling/argmax,2127249,2.4738935634804753e-05,0,_ZL26llama_sampler_greedy_applyP13llama_samplerP22llama_token_data_array;_ZNSt8_Rb_treeIiSt4pairIKiP13llama_samplerESt10_Select1stIS4_ESt4lessIiESaIS4_EE8_M_eraseEPSt13_Rb_tree_nodeIS4_E.isra.0;llama_sampler_sample
q8_0,scalar,128,prefill,embedding_lookup,10753,1.2505248557223697e-07,0,ggml_compute_forward_get_rows;ggml_get_rows
q8_0,scalar,128,decode,RMSNorm,10011190,0.0001748418173985499,0,ggml_compute_forward_rms_norm_mul_fused;ggml_rms_norm
q8_0,scalar,128,decode,RoPE,3858912,6.739450427582265e-05,0,_Z29ggml_compute_forward_rope_fltIfEvPK19ggml_compute_paramsP11ggml_tensorb;ggml_compute_forward_rope;ggml_rope_ext;ggml_rope_impl;ggml_rope_yarn_corr_dims
q8_0,scalar,128,decode,softmax/attention,494687142,0.00863953225850019,0,_ZL49ggml_compute_forward_flash_attn_ext_f16_one_chunkPK19ggml_compute_paramsP11ggml_tensoriillPfl;ggml_compute_forward_flash_attn_ext;ggml_flash_attn_ext;ggml_flash_attn_ext_add_sinks;ggml_flash_attn_ext_set_n_kv_max
q8_0,scalar,128,decode,SiLU/Swiglu,22772232,0.0003977088067553822,0,ggml_swiglu_split;ggml_vec_swiglu_f32
q8_0,scalar,128,decode,activation_quantization,81688438,0.0014266590645436522,0,dequantize_row_q8_0;quantize_row_q8_0;quantize_row_q8_0_ref
q8_0,scalar,128,decode,sampling/argmax,31908661,0.0005572732392447082,0,_ZL26llama_sampler_greedy_applyP13llama_samplerP22llama_token_data_array;_ZNSt8_Rb_treeIiSt4pairIKiP13llama_samplerESt10_Select1stIS4_ESt4lessIiESaIS4_EE8_M_eraseEPSt13_Rb_tree_nodeIS4_E.isra.0;llama_sampler_sample
q8_0,scalar,128,decode,embedding_lookup,139990,2.4448747868757862e-06,0,ggml_compute_forward_get_rows;ggml_get_rows
q8_0,rvv,128,prefill,RMSNorm,12906545,0.001469580610542475,8096550,ggml_compute_forward_rms_norm_mul_fused;ggml_rms_norm
q8_0,rvv,128,prefill,RoPE,4262256,0.00048531413904870184,984624,_Z29ggml_compute_forward_rope_fltIfEvPK19ggml_compute_paramsP11ggml_tensorb;ggml_compute_forward_rope;ggml_rope_ext;ggml_rope_impl;ggml_rope_yarn_corr_dims
q8_0,rvv,128,prefill,softmax/attention,196376367,0.022360043010114104,118462329,_ZL49ggml_compute_forward_flash_attn_ext_f16_one_chunkPK19ggml_compute_paramsP11ggml_tensoriillPfl;ggml_compute_forward_flash_attn_ext;ggml_flash_attn_ext;ggml_flash_attn_ext_add_sinks;ggml_flash_attn_ext_set_n_kv_max
q8_0,rvv,128,prefill,SiLU/Swiglu,16593627,0.0018894035931207073,12994784,ggml_swiglu_split;ggml_vec_swiglu_f32
q8_0,rvv,128,prefill,activation_quantization,10322024,0.0011752987598117142,2692588,dequantize_row_q8_0;quantize_row_q8_0
q8_0,rvv,128,prefill,sampling/argmax,2127252,0.00024221573573235137,3,_ZL26llama_sampler_greedy_applyP13llama_samplerP22llama_token_data_array;_ZNSt8_Rb_treeIiSt4pairIKiP13llama_samplerESt10_Select1stIS4_ESt4lessIiESaIS4_EE8_M_eraseEPSt13_Rb_tree_nodeIS4_E.isra.0;llama_sampler_sample
q8_0,rvv,128,prefill,embedding_lookup,5411,6.16113815404923e-07,1344,ggml_compute_forward_get_rows;ggml_get_rows
q8_0,rvv,128,decode,RMSNorm,6416863,0.0010643262482115784,3953712,ggml_compute_forward_rms_norm_mul_fused;ggml_rms_norm
q8_0,rvv,128,decode,RoPE,2245440,0.00037243754943563646,474480,_Z29ggml_compute_forward_rope_fltIfEvPK19ggml_compute_paramsP11ggml_tensorb;ggml_compute_forward_rope;ggml_rope_ext;ggml_rope_impl;ggml_rope_yarn_corr_dims
q8_0,rvv,128,decode,softmax/attention,184876963,0.030664423474607575,128420397,_ZL49ggml_compute_forward_flash_attn_ext_f16_one_chunkPK19ggml_compute_paramsP11ggml_tensoriillPfl;ggml_compute_forward_flash_attn_ext;ggml_flash_attn_ext;ggml_flash_attn_ext_add_sinks;ggml_flash_attn_ext_set_n_kv_max
q8_0,rvv,128,decode,SiLU/Swiglu,8105472,0.0013444056081209773,6347520,ggml_swiglu_split;ggml_vec_swiglu_f32
q8_0,rvv,128,decode,activation_quantization,4984575,0.000826761302006795,1299990,dequantize_row_q8_0;quantize_row_q8_0
q8_0,rvv,128,decode,sampling/argmax,31908676,0.005292499062622785,45,_ZL26llama_sampler_greedy_applyP13llama_samplerP22llama_token_data_array;_ZNSt8_Rb_treeIiSt4pairIKiP13llama_samplerESt10_Select1stIS4_ESt4lessIiESaIS4_EE8_M_eraseEPSt13_Rb_tree_nodeIS4_E.isra.0;llama_sampler_sample
q8_0,rvv,128,decode,embedding_lookup,59860,9.928616088257623e-06,20160,ggml_compute_forward_get_rows;ggml_get_rows
q8_0,rvv,256,prefill,RMSNorm,6497009,0.0007539960257234399,4048422,ggml_compute_forward_rms_norm_mul_fused;ggml_rms_norm
q8_0,rvv,256,prefill,RoPE,3327696,0.0003861884074372974,492816,_Z29ggml_compute_forward_rope_fltIfEvPK19ggml_compute_paramsP11ggml_tensorb;ggml_compute_forward_rope;ggml_rope_ext;ggml_rope_impl;ggml_rope_yarn_corr_dims
q8_0,rvv,256,prefill,softmax/attention,127043847,0.0147437929869909,60414177,_ZL49ggml_compute_forward_flash_attn_ext_f16_one_chunkPK19ggml_compute_paramsP11ggml_tensoriillPfl;ggml_compute_forward_flash_attn_ext;ggml_flash_attn_ext;ggml_flash_attn_ext_add_sinks;ggml_flash_attn_ext_set_n_kv_max
q8_0,rvv,256,prefill,SiLU/Swiglu,8303851,0.0009636850821969944,6497392,ggml_swiglu_split;ggml_vec_swiglu_f32
q8_0,rvv,256,prefill,activation_quantization,10322024,0.0011978996909842612,2692588,dequantize_row_q8_0;quantize_row_q8_0
q8_0,rvv,256,prefill,sampling/argmax,2127252,0.0002468735311452145,3,_ZL26llama_sampler_greedy_applyP13llama_samplerP22llama_token_data_array;_ZNSt8_Rb_treeIiSt4pairIKiP13llama_samplerESt10_Select1stIS4_ESt4lessIiESaIS4_EE8_M_eraseEPSt13_Rb_tree_nodeIS4_E.isra.0;llama_sampler_sample
q8_0,rvv,256,prefill,embedding_lookup,3619,4.199950495825278e-07,672,ggml_compute_forward_get_rows;ggml_get_rows
q8_0,rvv,256,decode,RMSNorm,3288703,0.0005611275841812655,1978032,ggml_compute_forward_rms_norm_mul_fused;ggml_rms_norm
q8_0,rvv,256,decode,RoPE,1807008,0.0003083166931268102,243792,_Z29ggml_compute_forward_rope_fltIfEvPK19ggml_compute_paramsP11ggml_tensorb;ggml_compute_forward_rope;ggml_rope_ext;ggml_rope_impl;ggml_rope_yarn_corr_dims
q8_0,rvv,256,decode,softmax/attention,109962283,0.018762068271548582,65539317,_ZL49ggml_compute_forward_flash_attn_ext_f16_one_chunkPK19ggml_compute_paramsP11ggml_tensoriillPfl;ggml_compute_forward_flash_attn_ext;ggml_flash_attn_ext;ggml_flash_attn_ext_add_sinks;ggml_flash_attn_ext_set_n_kv_max
q8_0,rvv,256,decode,SiLU/Swiglu,4056192,0.0006920786759811925,3173760,ggml_swiglu_split;ggml_vec_swiglu_f32
q8_0,rvv,256,decode,activation_quantization,4984575,0.0008504819462019926,1299990,dequantize_row_q8_0;quantize_row_q8_0
q8_0,rvv,256,decode,sampling/argmax,31908676,0.005444346381629088,45,_ZL26llama_sampler_greedy_applyP13llama_samplerP22llama_token_data_array;_ZNSt8_Rb_treeIiSt4pairIKiP13llama_samplerESt10_Select1stIS4_ESt4lessIiESaIS4_EE8_M_eraseEPSt13_Rb_tree_nodeIS4_E.isra.0;llama_sampler_sample
q8_0,rvv,256,decode,embedding_lookup,32980,5.627138639852287e-06,10080,ggml_compute_forward_get_rows;ggml_get_rows
