quant,mode,vlen,phase,opcode,category,count,fraction_of_vector_and_rvv_csr
q4_0,rvv,128,prefill,vle8.v,memory,1046607766,0.20333862454873014
q4_0,rvv,128,prefill,vsetivli,configuration,710335791,0.13800652680201328
q4_0,rvv,128,prefill,vadd.vi,other,690332735,0.13412026298289764
q4_0,rvv,128,prefill,vsetvli,configuration,407508709,0.07917222007283359
q4_0,rvv,128,prefill,vmv.x.s,other,349417024,0.06788596393242377
q4_0,rvv,128,prefill,vwmul.vv,widening_multiply_accumulate,349414912,0.06788555360566241
q4_0,rvv,128,prefill,vwredsum.vs,reduction,349414912,0.06788555360566241
q4_0,rvv,128,prefill,vsrl.vi,shift_unpack_bitwise,348536448,0.06771488254122128
q4_0,rvv,128,prefill,vand.vi,shift_unpack_bitwise,345164288,0.06705972747890135
q4_0,rvv,128,prefill,vwmacc.vv,widening_multiply_accumulate,345160704,0.06705903116682145
q4_0,rvv,128,prefill,vsll.vi,shift_unpack_bitwise,21163872,0.004111791219601348
q4_0,rvv,128,prefill,vle16.v,memory,17343616,0.0033695784960775348
q4_0,rvv,128,prefill,vluxei64.v,memory,17343616,0.0033695784960775348
q4_0,rvv,128,prefill,vzext.vf4,other,17343616,0.0033695784960775348
q4_0,rvv,128,prefill,vand.vv,shift_unpack_bitwise,13488704,0.0026206326834239775
q4_0,rvv,128,prefill,vmv1r.v,other,12421401,0.002413273316288598
q4_0,rvv,128,prefill,vnsrl.wi,shift_unpack_bitwise,10355820,0.002011965000911555
q4_0,rvv,128,prefill,vmv.v.i,other,10218284,0.0019852440248454037
q4_0,rvv,128,prefill,vfmul.vv,other,8101504,0.001573988588324726
q4_0,rvv,128,prefill,vadd.vv,other,6744353,0.0013103165359954932
q4_0,rvv,128,prefill,vfmv.f.s,other,6591084,0.0012805388975540455
q4_0,rvv,128,prefill,vfmv.s.f,other,6351744,0.0012340390836022607
q4_0,rvv,128,prefill,vfwredosum.vs,reduction,6351744,0.0012340390836022607
q4_0,rvv,128,prefill,vfmacc.vf,other,4716448,0.0009163280459315922
q4_0,rvv,128,prefill,vfmul.vf,other,4418444,0.0008584307844755562
q4_0,rvv,128,prefill,vle32.v,memory,4125750,0.0008015651684280769
q4_0,rvv,128,prefill,vfsgnjx.vv,other,4059596,0.0007887125374755978
q4_0,rvv,128,prefill,vor.vv,shift_unpack_bitwise,3372192,0.0006551612793920654
q4_0,rvv,128,prefill,vmaxu.vv,other,3372160,0.0006551550623199233
q4_0,rvv,128,prefill,vmerge.vvm,other,3372160,0.0006551550623199233
q4_0,rvv,128,prefill,vmsleu.vv,other,3372160,0.0006551550623199233
q4_0,rvv,128,prefill,vse16.v,memory,3372160,0.0006551550623199233
q4_0,rvv,128,prefill,vfmadd.vv,other,2936832,0.0005705780129006765
q4_0,rvv,128,prefill,vse8.v,memory,2853001,0.0005542910324402768
q4_0,rvv,128,prefill,vse32.v,memory,1562832,0.0003036324778051962
q4_0,rvv,128,prefill,vfmv.v.f,other,1542120,0.00029960847786131154
q4_0,rvv,128,prefill,vfmacc.vv,other,1344288,0.00026117298361166884
q4_0,rvv,128,prefill,vmv.v.x,other,1327877,0.0002579845970203647
q4_0,rvv,128,prefill,vfnmsac.vf,other,896192,0.0001741153224077792
q4_0,rvv,128,prefill,vfadd.vv,other,551360,0.000107120153006
q4_0,rvv,128,prefill,vadd.vx,other,448155,8.706912393065135e-05
q4_0,rvv,128,prefill,vcpop.m,other,448135,8.706523826056263e-05
q4_0,rvv,128,prefill,vfadd.vf,other,448096,8.70576612038896e-05
q4_0,rvv,128,prefill,vfdiv.vv,other,448096,8.70576612038896e-05
q4_0,rvv,128,prefill,vfsgnjn.vv,other,448096,8.70576612038896e-05
q4_0,rvv,128,prefill,vfsub.vv,other,448096,8.70576612038896e-05
q4_0,rvv,128,prefill,vmfgt.vf,other,448096,8.70576612038896e-05
q4_0,rvv,128,prefill,vmv2r.v,other,448096,8.70576612038896e-05
q4_0,rvv,128,prefill,vfncvt.x.f.w,other,239340,4.6499813951784747e-05
q4_0,rvv,128,prefill,vfredmax.vs,reduction,239340,4.6499813951784747e-05
q4_0,rvv,128,prefill,vfmsac.vv,other,98304,1.9098845620106326e-05
q4_0,rvv,128,prefill,csrrs.vlenb,rvv_csr_scalar_instruction,12465,2.4217438827985164e-06
q4_0,rvv,128,prefill,vle64.v,memory,8703,1.6908493391091446e-06
q4_0,rvv,128,prefill,vfcvt.f.x.v,other,7168,1.3926241597994196e-06
q4_0,rvv,128,prefill,vsext.vf4,other,7168,1.3926241597994196e-06
q4_0,rvv,128,prefill,vse64.v,memory,2240,4.3519504993731863e-07
q4_0,rvv,128,prefill,vmv.s.x,other,2062,4.006125861476567e-07
q4_0,rvv,128,prefill,vredsum.vs,reduction,2061,4.0041830264322037e-07
q4_0,rvv,128,prefill,vmadd.vv,other,2060,4.002240191387841e-07
q4_0,rvv,128,prefill,vmul.vv,other,2060,4.002240191387841e-07
q4_0,rvv,128,prefill,vle8ff.v,memory,316,6.139358740187174e-08
q4_0,rvv,128,prefill,vmseq.vi,other,166,3.225106173642629e-08
q4_0,rvv,128,prefill,vfirst.m,other,160,3.1085360709808474e-08
q4_0,rvv,128,prefill,vmsne.vv,other,160,3.1085360709808474e-08
q4_0,rvv,128,prefill,csrrs.vl,rvv_csr_scalar_instruction,158,3.069679370093587e-08
q4_0,rvv,128,prefill,vmor.mm,other,158,3.069679370093587e-08
q4_0,rvv,128,prefill,vid.v,other,60,1.1657010266178178e-08
q4_0,rvv,128,prefill,vmul.vx,other,59,1.1462726761741875e-08
q4_0,rvv,128,prefill,vmsne.vi,other,39,7.577056673015815e-09
q4_0,rvv,128,prefill,vredor.vs,reduction,32,6.217072141961695e-09
q4_0,rvv,128,prefill,vslidedown.vi,other,2,3.885670088726059e-10
q4_0,rvv,128,prefill,vlse32.v,memory,1,1.9428350443630296e-10
q4_0,rvv,128,prefill,vslide1down.vx,other,1,1.9428350443630296e-10
q4_0,rvv,128,decode,vle8.v,memory,633234232,0.20165688183898647
q4_0,rvv,128,decode,vsetivli,configuration,410629149,0.1307670836398127
q4_0,rvv,128,decode,vsetvli,configuration,353189026,0.11247496437133349
q4_0,rvv,128,decode,vadd.vi,other,335470457,0.10683238979998762
q4_0,rvv,128,decode,vmv.x.s,other,231546511,0.07373724452874586
q4_0,rvv,128,decode,vwmul.vv,widening_multiply_accumulate,231544320,0.07373654679289113
q4_0,rvv,128,decode,vwredsum.vs,reduction,231544320,0.07373654679289113
q4_0,rvv,128,decode,vsrl.vi,shift_unpack_bitwise,171240240,0.05453238485654024
q4_0,rvv,128,decode,vand.vi,shift_unpack_bitwise,167732880,0.05341544700740831
q4_0,rvv,128,decode,vwmacc.vv,widening_multiply_accumulate,167731200,0.05341491200228008
q4_0,rvv,128,decode,vsll.vi,shift_unpack_bitwise,23257920,0.007406610995187955
q4_0,rvv,128,decode,vle16.v,memory,19531680,0.006219969620778328
q4_0,rvv,128,decode,vluxei64.v,memory,19531680,0.006219969620778328
q4_0,rvv,128,decode,vzext.vf4,other,19531680,0.006219969620778328
q4_0,rvv,128,decode,vand.vv,shift_unpack_bitwise,14029470,0.004467760950190712
q4_0,rvv,128,decode,vmv1r.v,other,13465950,0.004288304944322246
q4_0,rvv,128,decode,vnsrl.wi,shift_unpack_bitwise,10637700,0.0033876333646134698
q4_0,rvv,128,decode,vfmul.vv,other,7656480,0.0024382476572469367
q4_0,rvv,128,decode,vmv.v.i,other,7282228,0.0023190650743602865
q4_0,rvv,128,decode,vadd.vv,other,7015230,0.002234038110534923
q4_0,rvv,128,decode,vfmv.f.s,other,6896100,0.002196100514745758
q4_0,rvv,128,decode,vfmv.s.f,other,6780480,0.002159280697528069
q4_0,rvv,128,decode,vfwredosum.vs,reduction,6780480,0.002159280697528069
q4_0,rvv,128,decode,vfmacc.vf,other,4164000,0.001326048424965029
q4_0,rvv,128,decode,vfmul.vf,other,4016580,0.0012791017249630249
q4_0,rvv,128,decode,vfsgnjx.vv,other,3841860,0.0012234611916273166
q4_0,rvv,128,decode,vor.vv,shift_unpack_bitwise,3507375,0.001116942625963429
q4_0,rvv,128,decode,vmaxu.vv,other,3507360,0.001116937849131927
q4_0,rvv,128,decode,vmerge.vvm,other,3507360,0.001116937849131927
q4_0,rvv,128,decode,vmsleu.vv,other,3507360,0.001116937849131927
q4_0,rvv,128,decode,vse16.v,memory,3507360,0.001116937849131927
q4_0,rvv,128,decode,vfmadd.vv,other,3271680,0.0010418842725719466
q4_0,rvv,128,decode,vse8.v,memory,2527866,0.0008050126627816156
q4_0,rvv,128,decode,vle32.v,memory,2000739,0.0006371462055033879
q4_0,rvv,128,decode,vmv.v.x,other,1451595,0.0004622683149464724
q4_0,rvv,128,decode,vfmv.v.f,other,869790,0.0002769893514770251
q4_0,rvv,128,decode,vse32.v,memory,763726,0.0002432126943815662
q4_0,rvv,128,decode,vfmacc.vv,other,656640,0.00020911057583310197
q4_0,rvv,128,decode,vfnmsac.vf,other,437760,0.0001394070505554013
q4_0,rvv,128,decode,vfadd.vv,other,264960,8.437795165195342e-05
q4_0,rvv,128,decode,vadd.vx,other,219624,6.994045612020161e-05
q4_0,rvv,128,decode,vcpop.m,other,219353,6.98541546977315e-05
q4_0,rvv,128,decode,vfadd.vf,other,218880,6.970352527770066e-05
q4_0,rvv,128,decode,vfdiv.vv,other,218880,6.970352527770066e-05
q4_0,rvv,128,decode,vfsgnjn.vv,other,218880,6.970352527770066e-05
q4_0,rvv,128,decode,vfsub.vv,other,218880,6.970352527770066e-05
q4_0,rvv,128,decode,vmfgt.vf,other,218880,6.970352527770066e-05
q4_0,rvv,128,decode,vmv2r.v,other,218880,6.970352527770066e-05
q4_0,rvv,128,decode,vfncvt.x.f.w,other,115620,3.6819817217688913e-05
q4_0,rvv,128,decode,vfredmax.vs,reduction,115620,3.6819817217688913e-05
q4_0,rvv,128,decode,vfmsac.vv,other,46080,1.4674426374252769e-05
q4_0,rvv,128,decode,vle64.v,memory,9156,2.915777948842412e-06
q4_0,rvv,128,decode,csrrs.vlenb,rvv_csr_scalar_instruction,8415,2.679802472641863e-06
q4_0,rvv,128,decode,vle8ff.v,memory,7332,2.334915238194907e-06
q4_0,rvv,128,decode,vfirst.m,other,3696,1.1770112821015243e-06
q4_0,rvv,128,decode,vmsne.vv,other,3696,1.1770112821015243e-06
q4_0,rvv,128,decode,vmseq.vi,other,3674,1.1700052625652057e-06
q4_0,rvv,128,decode,csrrs.vl,rvv_csr_scalar_instruction,3666,1.1674576190974534e-06
q4_0,rvv,128,decode,vmor.mm,other,3666,1.1674576190974534e-06
q4_0,rvv,128,decode,vfcvt.f.x.v,other,3360,1.070010256455931e-06
q4_0,rvv,128,decode,vsext.vf4,other,3360,1.070010256455931e-06
q4_0,rvv,128,decode,vse64.v,memory,3244,1.033069426173524e-06
q4_0,rvv,128,decode,vmv.s.x,other,2131,6.786285287224968e-07
q4_0,rvv,128,decode,vmadd.vv,other,2116,6.738516972204613e-07
q4_0,rvv,128,decode,vmul.vv,other,2116,6.738516972204613e-07
q4_0,rvv,128,decode,vredsum.vs,reduction,2116,6.738516972204613e-07
q4_0,rvv,128,decode,vid.v,other,788,2.5094288157359337e-07
q4_0,rvv,128,decode,vmul.vx,other,758,2.4138921856952255e-07
q4_0,rvv,128,decode,vmsne.vi,other,465,1.480817765630976e-07
q4_0,rvv,128,decode,vslidedown.vi,other,30,9.553663004070813e-09
q4_0,rvv,128,decode,vlse32.v,memory,15,4.7768315020354065e-09
q4_0,rvv,128,decode,vredor.vs,reduction,15,4.7768315020354065e-09
q4_0,rvv,256,prefill,vle8.v,memory,1045301338,0.20827379957362077
q4_0,rvv,256,prefill,vsetivli,configuration,707159919,0.1408999279749357
q4_0,rvv,256,prefill,vadd.vi,other,690332731,0.13754715088234612
q4_0,rvv,256,prefill,vsetvli,configuration,381415597,0.0759961483985309
q4_0,rvv,256,prefill,vmv.x.s,other,349417024,0.06962050901362861
q4_0,rvv,256,prefill,vwmul.vv,widening_multiply_accumulate,349414912,0.06962008820266366
q4_0,rvv,256,prefill,vwredsum.vs,reduction,349414912,0.06962008820266366
q4_0,rvv,256,prefill,vsrl.vi,shift_unpack_bitwise,346850368,0.06910910892459664
q4_0,rvv,256,prefill,vand.vi,shift_unpack_bitwise,345164288,0.06877316150425086
q4_0,rvv,256,prefill,vwmacc.vv,widening_multiply_accumulate,345160704,0.0687724474007952
q4_0,rvv,256,prefill,vsll.vi,shift_unpack_bitwise,10581936,0.0021084255204166613
q4_0,rvv,256,prefill,vmv.v.i,other,9994228,0.0019913261025263024
q4_0,rvv,256,prefill,vle16.v,memory,8671808,0.001727837070206564
q4_0,rvv,256,prefill,vluxei64.v,memory,8671808,0.001727837070206564
q4_0,rvv,256,prefill,vzext.vf4,other,8671808,0.001727837070206564
q4_0,rvv,256,prefill,vand.vv,shift_unpack_bitwise,6744384,0.001343802433230536
q4_0,rvv,256,prefill,vmv1r.v,other,6210709,0.0012374689617742388
q4_0,rvv,256,prefill,vnsrl.wi,shift_unpack_bitwise,5297580,0.0010555301854451677
q4_0,rvv,256,prefill,vfmul.vv,other,4054336,0.0008078167823679906
q4_0,rvv,256,prefill,vfmv.f.s,other,3415212,0.0006804728490545801
q4_0,rvv,256,prefill,vadd.vv,other,3372193,0.0006719014158628839
q4_0,rvv,256,prefill,vfmv.s.f,other,3175872,0.0006327849246467474
q4_0,rvv,256,prefill,vfwredosum.vs,reduction,3175872,0.0006327849246467474
q4_0,rvv,256,prefill,vfmacc.vf,other,2358224,0.0004698705099387353
q4_0,rvv,256,prefill,vfmul.vf,other,2328892,0.00046402617886691046
q4_0,rvv,256,prefill,vle32.v,memory,2182582,0.00043487426017337825
q4_0,rvv,256,prefill,vfsgnjx.vv,other,2149468,0.00042827637461793005
q4_0,rvv,256,prefill,vor.vv,shift_unpack_bitwise,1686112,0.0003359537962694896
q4_0,rvv,256,prefill,vmaxu.vv,other,1686080,0.0003359474203457783
q4_0,rvv,256,prefill,vmerge.vvm,other,1686080,0.0003359474203457783
q4_0,rvv,256,prefill,vmsleu.vv,other,1686080,0.0003359474203457783
q4_0,rvv,256,prefill,vse16.v,memory,1686080,0.0003359474203457783
q4_0,rvv,256,prefill,vse8.v,memory,1546577,0.0003081517801741986
q4_0,rvv,256,prefill,vfmadd.vv,other,1468416,0.0002925783872618538
q4_0,rvv,256,prefill,vmv.v.x,other,1327877,0.00026457632656012235
q4_0,rvv,256,prefill,vfmv.v.f,other,869976,0.0001733406439568341
q4_0,rvv,256,prefill,vse32.v,memory,785116,0.0001564324912650622
q4_0,rvv,256,prefill,vfmacc.vv,other,672144,0.00013392308959295695
q4_0,rvv,256,prefill,vfnmsac.vf,other,448096,8.928205972863796e-05
q4_0,rvv,256,prefill,vfadd.vv,other,275680,5.4928582772421344e-05
q4_0,rvv,256,prefill,vfncvt.x.f.w,other,239340,4.768792440783272e-05
q4_0,rvv,256,prefill,vfredmax.vs,reduction,239340,4.768792440783272e-05
q4_0,rvv,256,prefill,vadd.vx,other,224107,4.4652785473661596e-05
q4_0,rvv,256,prefill,vcpop.m,other,224087,4.464880052134207e-05
q4_0,rvv,256,prefill,vfadd.vf,other,224048,4.464102986431898e-05
q4_0,rvv,256,prefill,vfdiv.vv,other,224048,4.464102986431898e-05
q4_0,rvv,256,prefill,vfsgnjn.vv,other,224048,4.464102986431898e-05
q4_0,rvv,256,prefill,vfsub.vv,other,224048,4.464102986431898e-05
q4_0,rvv,256,prefill,vmfgt.vf,other,224048,4.464102986431898e-05
q4_0,rvv,256,prefill,vmv2r.v,other,224048,4.464102986431898e-05
q4_0,rvv,256,prefill,vfmsac.vv,other,49152,9.793418820480463e-06
q4_0,rvv,256,prefill,csrrs.vlenb,rvv_csr_scalar_instruction,12465,2.4836215331479685e-06
q4_0,rvv,256,prefill,vle64.v,memory,8703,1.7340520018441053e-06
q4_0,rvv,256,prefill,vfcvt.f.x.v,other,7168,1.4282069113200674e-06
q4_0,rvv,256,prefill,vsext.vf4,other,7168,1.4282069113200674e-06
q4_0,rvv,256,prefill,vse64.v,memory,2240,4.4631465978752104e-07
q4_0,rvv,256,prefill,vmv.s.x,other,2062,4.1084858414369125e-07
q4_0,rvv,256,prefill,vredsum.vs,reduction,2061,4.1064933652771467e-07
q4_0,rvv,256,prefill,vmadd.vv,other,2060,4.104500889117381e-07
q4_0,rvv,256,prefill,vmul.vv,other,2060,4.104500889117381e-07
q4_0,rvv,256,prefill,vle8ff.v,memory,316,6.296224664859672e-08
q4_0,rvv,256,prefill,vmseq.vi,other,166,3.3075104252110936e-08
q4_0,rvv,256,prefill,vfirst.m,other,160,3.18796185562515e-08
q4_0,rvv,256,prefill,vmsne.vv,other,160,3.18796185562515e-08
q4_0,rvv,256,prefill,csrrs.vl,rvv_csr_scalar_instruction,158,3.148112332429836e-08
q4_0,rvv,256,prefill,vmor.mm,other,158,3.148112332429836e-08
q4_0,rvv,256,prefill,vid.v,other,60,1.1954856958594314e-08
q4_0,rvv,256,prefill,vmul.vx,other,59,1.1755609342617742e-08
q4_0,rvv,256,prefill,vmsne.vi,other,35,6.973666559180016e-09
q4_0,rvv,256,prefill,vredor.vs,reduction,32,6.375923711250301e-09
q4_0,rvv,256,prefill,vslidedown.vi,other,2,3.984952319531438e-10
q4_0,rvv,256,prefill,vlse32.v,memory,1,1.992476159765719e-10
q4_0,rvv,256,prefill,vslide1down.vx,other,1,1.992476159765719e-10
q4_0,rvv,256,decode,vle8.v,memory,632031809,0.21009238178985928
q4_0,rvv,256,decode,vsetivli,configuration,407238909,0.13536944047908475
q4_0,rvv,256,decode,vadd.vi,other,335470457,0.11151303831175145
q4_0,rvv,256,decode,vsetvli,configuration,326010203,0.10836837491523395
q4_0,rvv,256,decode,vmv.x.s,other,231546511,0.07696789512554716
q4_0,rvv,256,decode,vwmul.vv,widening_multiply_accumulate,231544320,0.07696716681978479
q4_0,rvv,256,decode,vwredsum.vs,reduction,231544320,0.07696716681978479
q4_0,rvv,256,decode,vsrl.vi,shift_unpack_bitwise,169486560,0.056338675624742006
q4_0,rvv,256,decode,vand.vi,shift_unpack_bitwise,167732880,0.05575573849586525
q4_0,rvv,256,decode,vwmacc.vv,widening_multiply_accumulate,167731200,0.055755180050552244
q4_0,rvv,256,decode,vsll.vi,shift_unpack_bitwise,11628960,0.003865558456629834
q4_0,rvv,256,decode,vle16.v,memory,9765840,0.003246242604505811
q4_0,rvv,256,decode,vluxei64.v,memory,9765840,0.003246242604505811
q4_0,rvv,256,decode,vzext.vf4,other,9765840,0.003246242604505811
q4_0,rvv,256,decode,vmv.v.i,other,7172788,0.0023842915713024205
q4_0,rvv,256,decode,vand.vv,shift_unpack_bitwise,7014750,0.002331758487744745
q4_0,rvv,256,decode,vmv1r.v,other,6732990,0.002238099230963397
q4_0,rvv,256,decode,vnsrl.wi,shift_unpack_bitwise,5376660,0.0017872443908503739
q4_0,rvv,256,decode,vfmul.vv,other,3829920,0.0012730957578507222
q4_0,rvv,256,decode,vadd.vv,other,3507870,0.0011660437857949548
q4_0,rvv,256,decode,vfmv.f.s,other,3505860,0.0011653756458668936
q4_0,rvv,256,decode,vfmv.s.f,other,3390240,0.0011269426416467792
q4_0,rvv,256,decode,vfwredosum.vs,reduction,3390240,0.0011269426416467792
q4_0,rvv,256,decode,vfmacc.vf,other,2082000,0.0006920732986185621
q4_0,rvv,256,decode,vfmul.vf,other,2066100,0.0006867880126204665
q4_0,rvv,256,decode,vfsgnjx.vv,other,1978740,0.0006577488563441372
q4_0,rvv,256,decode,vor.vv,shift_unpack_bitwise,1753695,0.0005829421149956193
q4_0,rvv,256,decode,vmaxu.vv,other,1753680,0.0005829371288767532
q4_0,rvv,256,decode,vmerge.vvm,other,1753680,0.0005829371288767532
q4_0,rvv,256,decode,vmsleu.vv,other,1753680,0.0005829371288767532
q4_0,rvv,256,decode,vse16.v,memory,1753680,0.0005829371288767532
q4_0,rvv,256,decode,vfmadd.vv,other,1635840,0.0005437661790644518
q4_0,rvv,256,decode,vmv.v.x,other,1451595,0.000482521681031802
q4_0,rvv,256,decode,vse8.v,memory,1325443,0.00044058775655181695
q4_0,rvv,256,decode,vle32.v,memory,1058259,0.0003517736776766479
q4_0,rvv,256,decode,vfmv.v.f,other,541470,0.00017998891882948744
q4_0,rvv,256,decode,vse32.v,memory,384526,0.0001278194895411149
q4_0,rvv,256,decode,vfmacc.vv,other,328320,0.000109136169741809
q4_0,rvv,256,decode,vfnmsac.vf,other,218880,7.275744649453933e-05
q4_0,rvv,256,decode,vfadd.vv,other,132480,4.4037401825642223e-05
q4_0,rvv,256,decode,vfncvt.x.f.w,other,115620,3.843300422011439e-05
q4_0,rvv,256,decode,vfredmax.vs,reduction,115620,3.843300422011439e-05
q4_0,rvv,256,decode,vadd.vx,other,110184,3.662603474302961e-05
q4_0,rvv,256,decode,vcpop.m,other,109913,3.65359521955149e-05
q4_0,rvv,256,decode,vfadd.vf,other,109440,3.637872324726967e-05
q4_0,rvv,256,decode,vfdiv.vv,other,109440,3.637872324726967e-05
q4_0,rvv,256,decode,vfsgnjn.vv,other,109440,3.637872324726967e-05
q4_0,rvv,256,decode,vfsub.vv,other,109440,3.637872324726967e-05
q4_0,rvv,256,decode,vmfgt.vf,other,109440,3.637872324726967e-05
q4_0,rvv,256,decode,vmv2r.v,other,109440,3.637872324726967e-05
q4_0,rvv,256,decode,vfmsac.vv,other,23040,7.658678578372562e-06
q4_0,rvv,256,decode,vle64.v,memory,9156,3.0435269558845127e-06
q4_0,rvv,256,decode,csrrs.vlenb,rvv_csr_scalar_instruction,8415,2.797212683897791e-06
q4_0,rvv,256,decode,vle8ff.v,memory,7332,2.4372149017633515e-06
q4_0,rvv,256,decode,vfirst.m,other,3696,1.2285796886139316e-06
q4_0,rvv,256,decode,vmsne.vv,other,3696,1.2285796886139316e-06
q4_0,rvv,256,decode,vmseq.vi,other,3674,1.221266714276944e-06
q4_0,rvv,256,decode,csrrs.vl,rvv_csr_scalar_instruction,3666,1.2186074508816757e-06
q4_0,rvv,256,decode,vmor.mm,other,3666,1.2186074508816757e-06
q4_0,rvv,256,decode,vfcvt.f.x.v,other,3360,1.1168906260126652e-06
q4_0,rvv,256,decode,vsext.vf4,other,3360,1.1168906260126652e-06
q4_0,rvv,256,decode,vse64.v,memory,3244,1.0783313067812756e-06
q4_0,rvv,256,decode,vmv.s.x,other,2131,7.083612869145801e-07
q4_0,rvv,256,decode,vmadd.vv,other,2116,7.033751680484522e-07
q4_0,rvv,256,decode,vmul.vv,other,2116,7.033751680484522e-07
q4_0,rvv,256,decode,vredsum.vs,reduction,2116,7.033751680484522e-07
q4_0,rvv,256,decode,vid.v,other,788,2.6193744443392266e-07
q4_0,rvv,256,decode,vmul.vx,other,758,2.519652067016667e-07
q4_0,rvv,256,decode,vmsne.vi,other,465,1.5456968484996705e-07
q4_0,rvv,256,decode,vslidedown.vi,other,30,9.972237732255939e-09
q4_0,rvv,256,decode,vlse32.v,memory,15,4.9861188661279695e-09
q4_0,rvv,256,decode,vredor.vs,reduction,15,4.9861188661279695e-09
q4_0,rvv,512,prefill,vle8.v,memory,1044648189,0.21083627420811074
q4_0,rvv,512,prefill,vsetivli,configuration,705571983,0.1424021691204487
q4_0,rvv,512,prefill,vadd.vi,other,690332729,0.1393265044431886
q4_0,rvv,512,prefill,vsetvli,configuration,368374482,0.07434723394540127
q4_0,rvv,512,prefill,vmv.x.s,other,349417024,0.07052114219962144
q4_0,rvv,512,prefill,vwmul.vv,widening_multiply_accumulate,349414912,0.07052071594491117
q4_0,rvv,512,prefill,vwredsum.vs,reduction,349414912,0.07052071594491117
q4_0,rvv,512,prefill,vsrl.vi,shift_unpack_bitwise,346007328,0.06983297980352285
q4_0,rvv,512,prefill,vand.vi,shift_unpack_bitwise,345164288,0.06966283313167675
q4_0,rvv,512,prefill,vwmacc.vv,widening_multiply_accumulate,345160704,0.06966210979035024
q4_0,rvv,512,prefill,vmv.v.i,other,9882200,0.001994476466736489
q4_0,rvv,512,prefill,vsll.vi,shift_unpack_bitwise,5290968,0.0010678503938653162
q4_0,rvv,512,prefill,vle16.v,memory,4335904,0.0008750944617624223
q4_0,rvv,512,prefill,vluxei64.v,memory,4335904,0.0008750944617624223
q4_0,rvv,512,prefill,vzext.vf4,other,4335904,0.0008750944617624223
q4_0,rvv,512,prefill,vand.vv,shift_unpack_bitwise,3372224,0.000680599604193802
q4_0,rvv,512,prefill,vmv1r.v,other,3105363,0.0006267403436658055
q4_0,rvv,512,prefill,vnsrl.wi,shift_unpack_bitwise,2768460,0.0005587448461983465
q4_0,rvv,512,prefill,vfmul.vv,other,2030752,0.00040985682072595763
q4_0,rvv,512,prefill,vfmv.f.s,other,1827276,0.00036879024713448266
q4_0,rvv,512,prefill,vadd.vv,other,1686113,0.0003403000039220479
q4_0,rvv,512,prefill,vfmv.s.f,other,1587936,0.00032048541647443623
q4_0,rvv,512,prefill,vfwredosum.vs,reduction,1587936,0.00032048541647443623
q4_0,rvv,512,prefill,vmv.v.x,other,1327877,0.00026799897059568204
q4_0,rvv,512,prefill,vfmul.vf,other,1289492,0.00026025191233176507
q4_0,rvv,512,prefill,vle32.v,memory,1216374,0.00024549486124042524
q4_0,rvv,512,prefill,vfsgnjx.vv,other,1194404,0.00024106076276294037
q4_0,rvv,512,prefill,vfmacc.vf,other,1179112,0.00023797445261648166
q4_0,rvv,512,prefill,vse8.v,memory,893430,0.00018031664099860166
q4_0,rvv,512,prefill,vor.vv,shift_unpack_bitwise,843072,0.00017015313025080096
q4_0,rvv,512,prefill,vmaxu.vv,other,843040,0.00017014667184610003
q4_0,rvv,512,prefill,vmerge.vvm,other,843040,0.00017014667184610003
q4_0,rvv,512,prefill,vmsleu.vv,other,843040,0.00017014667184610003
q4_0,rvv,512,prefill,vse16.v,memory,843040,0.00017014667184610003
q4_0,rvv,512,prefill,vfmadd.vv,other,734208,0.0001481816374582243
q4_0,rvv,512,prefill,vfmv.v.f,other,533904,0.0001077552532327294
q4_0,rvv,512,prefill,vse32.v,memory,401634,8.105984105171349e-05
q4_0,rvv,512,prefill,vfmacc.vv,other,336072,6.782778077038163e-05
q4_0,rvv,512,prefill,vfncvt.x.f.w,other,239340,4.8304830660046474e-05
q4_0,rvv,512,prefill,vfredmax.vs,reduction,239340,4.8304830660046474e-05
q4_0,rvv,512,prefill,vfnmsac.vf,other,224048,4.521852051358775e-05
q4_0,rvv,512,prefill,vfadd.vv,other,137840,2.781957824927219e-05
q4_0,rvv,512,prefill,vadd.vx,other,112083,2.2621167940461223e-05
q4_0,rvv,512,prefill,vcpop.m,other,112063,2.2617131437523138e-05
q4_0,rvv,512,prefill,vfadd.vf,other,112024,2.2609260256793875e-05
q4_0,rvv,512,prefill,vfdiv.vv,other,112024,2.2609260256793875e-05
q4_0,rvv,512,prefill,vfsgnjn.vv,other,112024,2.2609260256793875e-05
q4_0,rvv,512,prefill,vfsub.vv,other,112024,2.2609260256793875e-05
q4_0,rvv,512,prefill,vmfgt.vf,other,112024,2.2609260256793875e-05
q4_0,rvv,512,prefill,vmv2r.v,other,112024,2.2609260256793875e-05
q4_0,rvv,512,prefill,vfmsac.vv,other,24576,4.960054810317131e-06
q4_0,rvv,512,prefill,csrrs.vlenb,rvv_csr_scalar_instruction,12465,2.5157504561606055e-06
q4_0,rvv,512,prefill,vle64.v,memory,8703,1.7564842535070799e-06
q4_0,rvv,512,prefill,vfcvt.f.x.v,other,7168,1.4466826530091633e-06
q4_0,rvv,512,prefill,vsext.vf4,other,7168,1.4466826530091633e-06
q4_0,rvv,512,prefill,vse64.v,memory,2240,4.520883290653635e-07
q4_0,rvv,512,prefill,vmv.s.x,other,2062,4.1616345291641947e-07
q4_0,rvv,512,prefill,vredsum.vs,reduction,2061,4.159616277695153e-07
q4_0,rvv,512,prefill,vmadd.vv,other,2060,4.1575980262261107e-07
q4_0,rvv,512,prefill,vmul.vv,other,2060,4.1575980262261107e-07
q4_0,rvv,512,prefill,vle8ff.v,memory,316,6.377674642172093e-08
q4_0,rvv,512,prefill,vmseq.vi,other,166,3.350297438609391e-08
q4_0,rvv,512,prefill,vfirst.m,other,160,3.229202350466882e-08
q4_0,rvv,512,prefill,vmsne.vv,other,160,3.229202350466882e-08
q4_0,rvv,512,prefill,csrrs.vl,rvv_csr_scalar_instruction,158,3.1888373210860465e-08
q4_0,rvv,512,prefill,vmor.mm,other,158,3.1888373210860465e-08
q4_0,rvv,512,prefill,vid.v,other,60,1.210950881425081e-08
q4_0,rvv,512,prefill,vmul.vx,other,59,1.1907683667346628e-08
q4_0,rvv,512,prefill,vmsne.vi,other,33,6.6602298478379445e-09
q4_0,rvv,512,prefill,vredor.vs,reduction,32,6.458404700933764e-09
q4_0,rvv,512,prefill,vslidedown.vi,other,2,4.0365029380836027e-10
q4_0,rvv,512,prefill,vlse32.v,memory,1,2.0182514690418013e-10
q4_0,rvv,512,prefill,vslide1down.vx,other,1,2.0182514690418013e-10
q4_0,rvv,512,decode,vle8.v,memory,631430628,0.21459279703461032
q4_0,rvv,512,decode,vsetivli,configuration,405543789,0.1378247619650212
q4_0,rvv,512,decode,vadd.vi,other,335470457,0.11401021822164283
q4_0,rvv,512,decode,vsetvli,configuration,312423342,0.10617761610810024
q4_0,rvv,512,decode,vmv.x.s,other,231546511,0.07869148444141542
q4_0,rvv,512,decode,vwmul.vv,widening_multiply_accumulate,231544320,0.07869073982625509
q4_0,rvv,512,decode,vwredsum.vs,reduction,231544320,0.07869073982625509
q4_0,rvv,512,decode,vsrl.vi,shift_unpack_bitwise,168609720,0.05730230656790769
q4_0,rvv,512,decode,vand.vi,shift_unpack_bitwise,167732880,0.05700431096901218
q4_0,rvv,512,decode,vwmacc.vv,widening_multiply_accumulate,167731200,0.057003740018090526
q4_0,rvv,512,decode,vmv.v.i,other,7118068,0.0024190877886945874
q4_0,rvv,512,decode,vsll.vi,shift_unpack_bitwise,5814480,0.001976061139849873
q4_0,rvv,512,decode,vle16.v,memory,4882920,0.001659468853791868
q4_0,rvv,512,decode,vluxei64.v,memory,4882920,0.001659468853791868
q4_0,rvv,512,decode,vzext.vf4,other,4882920,0.001659468853791868
q4_0,rvv,512,decode,vand.vv,shift_unpack_bitwise,3507390,0.0011919925911342108
q4_0,rvv,512,decode,vmv1r.v,other,3366510,0.0011441142781325236
q4_0,rvv,512,decode,vnsrl.wi,shift_unpack_bitwise,2746140,0.0009332804547590378
q4_0,rvv,512,decode,vfmul.vv,other,1916640,0.0006513734371916079
q4_0,rvv,512,decode,vfmv.f.s,other,1810740,0.0006153831380229631
q4_0,rvv,512,decode,vadd.vv,other,1754190,0.0005961645221779503
q4_0,rvv,512,decode,vfmv.s.f,other,1695120,0.0005760894799504542
q4_0,rvv,512,decode,vfwredosum.vs,reduction,1695120,0.0005760894799504542
q4_0,rvv,512,decode,vmv.v.x,other,1451595,0.0004933270851908299
q4_0,rvv,512,decode,vfmul.vf,other,1093380,0.00037158709447604156
q4_0,rvv,512,decode,vfsgnjx.vv,other,1047180,0.0003558859441305138
q4_0,rvv,512,decode,vfmacc.vf,other,1041000,0.00035378566038299516
q4_0,rvv,512,decode,vor.vv,shift_unpack_bitwise,876855,0.00029800069667159577
q4_0,rvv,512,decode,vmaxu.vv,other,876840,0.0002979955988955096
q4_0,rvv,512,decode,vmerge.vvm,other,876840,0.0002979955988955096
q4_0,rvv,512,decode,vmsleu.vv,other,876840,0.0002979955988955096
q4_0,rvv,512,decode,vse16.v,memory,876840,0.0002979955988955096
q4_0,rvv,512,decode,vfmadd.vv,other,817920,0.0002779715344288755
q4_0,rvv,512,decode,vse8.v,memory,724262,0.0002461417002500565
q4_0,rvv,512,decode,vle32.v,memory,589539,0.00020035585440588913
q4_0,rvv,512,decode,vfmv.v.f,other,377310,0.000128229459672534
q4_0,rvv,512,decode,vse32.v,memory,197446,6.710236647452532e-05
q4_0,rvv,512,decode,vfmacc.vv,other,164160,5.5790061487485574e-05
q4_0,rvv,512,decode,vfncvt.x.f.w,other,115620,3.929365807250903e-05
q4_0,rvv,512,decode,vfredmax.vs,reduction,115620,3.929365807250903e-05
q4_0,rvv,512,decode,vfnmsac.vf,other,109440,3.7193374324990385e-05
q4_0,rvv,512,decode,vfadd.vv,other,66240,2.2511779196704706e-05
q4_0,rvv,512,decode,vadd.vx,other,55464,1.8849536856371223e-05
q4_0,rvv,512,decode,vcpop.m,other,55193,1.8757437035080356e-05
q4_0,rvv,512,decode,vfadd.vf,other,54720,1.8596687162495192e-05
q4_0,rvv,512,decode,vfdiv.vv,other,54720,1.8596687162495192e-05
q4_0,rvv,512,decode,vfsgnjn.vv,other,54720,1.8596687162495192e-05
q4_0,rvv,512,decode,vfsub.vv,other,54720,1.8596687162495192e-05
q4_0,rvv,512,decode,vmfgt.vf,other,54720,1.8596687162495192e-05
q4_0,rvv,512,decode,vmv2r.v,other,54720,1.8596687162495192e-05
q4_0,rvv,512,decode,vfmsac.vv,other,11520,3.915092034209514e-06
q4_0,rvv,512,decode,vle64.v,memory,9156,3.11168252302277e-06
q4_0,rvv,512,decode,csrrs.vlenb,rvv_csr_scalar_instruction,8415,2.859852384363981e-06
q4_0,rvv,512,decode,vle8ff.v,memory,7332,2.491792950939597e-06
q4_0,rvv,512,decode,vfirst.m,other,3696,1.256092027642219e-06
q4_0,rvv,512,decode,vmsne.vv,other,3696,1.256092027642219e-06
q4_0,rvv,512,decode,vmseq.vi,other,3674,1.248615289382444e-06
q4_0,rvv,512,decode,csrrs.vl,rvv_csr_scalar_instruction,3666,1.2458964754697986e-06
q4_0,rvv,512,decode,vmor.mm,other,3666,1.2458964754697986e-06
q4_0,rvv,512,decode,vfcvt.f.x.v,other,3360,1.1419018433111083e-06
q4_0,rvv,512,decode,vsext.vf4,other,3360,1.1419018433111083e-06
q4_0,rvv,512,decode,vse64.v,memory,3244,1.1024790415777486e-06
q4_0,rvv,512,decode,vmv.s.x,other,2131,7.24224055980944e-07
q4_0,rvv,512,decode,vmadd.vv,other,2116,7.191262798947337e-07
q4_0,rvv,512,decode,vmul.vv,other,2116,7.191262798947337e-07
q4_0,rvv,512,decode,vredsum.vs,reduction,2116,7.191262798947337e-07
q4_0,rvv,512,decode,vid.v,other,788,2.6780317039558134e-07
q4_0,rvv,512,decode,vmul.vx,other,758,2.5760761822316076e-07
q4_0,rvv,512,decode,vmsne.vi,other,465,1.5803105867251946e-07
q4_0,rvv,512,decode,vslidedown.vi,other,30,1.019555217242061e-08
q4_0,rvv,512,decode,vlse32.v,memory,15,5.097776086210305e-09
q4_0,rvv,512,decode,vredor.vs,reduction,15,5.097776086210305e-09
q4_0,rvv,1024,prefill,vle8.v,memory,1044620225,0.21216458521961595
q4_0,rvv,1024,prefill,vsetivli,configuration,704778015,0.14314191095082357
q4_0,rvv,1024,prefill,vadd.vi,other,690332728,0.1402080424966365
q4_0,rvv,1024,prefill,vsetvli,configuration,362152535,0.07355394863669948
q4_0,rvv,1024,prefill,vmv.x.s,other,349417024,0.07096733931762865
q4_0,rvv,1024,prefill,vwmul.vv,widening_multiply_accumulate,349414912,0.0709669103659453
q4_0,rvv,1024,prefill,vwredsum.vs,reduction,349414912,0.0709669103659453
q4_0,rvv,1024,prefill,vsrl.vi,shift_unpack_bitwise,345585808,0.07018921121511489
q4_0,rvv,1024,prefill,vand.vi,shift_unpack_bitwise,345164288,0.0701035996083113
q4_0,rvv,1024,prefill,vwmacc.vv,widening_multiply_accumulate,345160704,0.07010287169030317
q4_0,rvv,1024,prefill,vmv.v.i,other,9826186,0.0019957192356492973
q4_0,rvv,1024,prefill,vsll.vi,shift_unpack_bitwise,2645484,0.0005373034162392658
q4_0,rvv,1024,prefill,vle16.v,memory,2167952,0.00044031565333328373
q4_0,rvv,1024,prefill,vluxei64.v,memory,2167952,0.00044031565333328373
q4_0,rvv,1024,prefill,vzext.vf4,other,2167952,0.00044031565333328373
q4_0,rvv,1024,prefill,vand.vv,shift_unpack_bitwise,1686144,0.0003424594257501994
q4_0,rvv,1024,prefill,vmv1r.v,other,1552690,0.0003153546350537541
q4_0,rvv,1024,prefill,vnsrl.wi,shift_unpack_bitwise,1503900,0.00030544528248223454
q4_0,rvv,1024,prefill,vmv.v.x,other,1327877,0.0002696946375202222
q4_0,rvv,1024,prefill,vfmv.f.s,other,1033308,0.00020986704830849978
q4_0,rvv,1024,prefill,vfmul.vv,other,1018960,0.00020695293905053378
q4_0,rvv,1024,prefill,vse8.v,memory,865467,0.00017577818491525506
q4_0,rvv,1024,prefill,vadd.vv,other,843073,0.00017122991597722252
q4_0,rvv,1024,prefill,vfmv.s.f,other,793968,0.00016125658623702027
q4_0,rvv,1024,prefill,vfwredosum.vs,reduction,793968,0.00016125658623702027
q4_0,rvv,1024,prefill,vfmul.vf,other,769792,0.0001563463893161542
q4_0,rvv,1024,prefill,vle32.v,memory,733270,0.00014892869358717212
q4_0,rvv,1024,prefill,vfsgnjx.vv,other,716872,0.00014559822497746156
q4_0,rvv,1024,prefill,vfmacc.vf,other,589556,0.00011974007511077616
q4_0,rvv,1024,prefill,vor.vv,shift_unpack_bitwise,421552,8.56181060715147e-05
q4_0,rvv,1024,prefill,vmaxu.vv,other,421520,8.561160680358502e-05
q4_0,rvv,1024,prefill,vmerge.vvm,other,421520,8.561160680358502e-05
q4_0,rvv,1024,prefill,vmsleu.vv,other,421520,8.561160680358502e-05
q4_0,rvv,1024,prefill,vse16.v,memory,421520,8.561160680358502e-05
q4_0,rvv,1024,prefill,vfmadd.vv,other,367104,7.45596016891803e-05
q4_0,rvv,1024,prefill,vfmv.v.f,other,365868,7.430856746539677e-05
q4_0,rvv,1024,prefill,vfncvt.x.f.w,other,239340,4.86104620714795e-05
q4_0,rvv,1024,prefill,vfredmax.vs,reduction,239340,4.86104620714795e-05
q4_0,rvv,1024,prefill,vse32.v,memory,209893,4.2629713861323e-05
q4_0,rvv,1024,prefill,vfmacc.vv,other,168036,3.4128468307191145e-05
q4_0,rvv,1024,prefill,vfnmsac.vf,other,112024,2.27523122047941e-05
q4_0,rvv,1024,prefill,vfadd.vv,other,68920,1.3997798303527898e-05
q4_0,rvv,1024,prefill,vadd.vx,other,56071,1.1388139127642378e-05
q4_0,rvv,1024,prefill,vcpop.m,other,56051,1.1384077085186334e-05
q4_0,rvv,1024,prefill,vfadd.vf,other,56012,1.137615610239705e-05
q4_0,rvv,1024,prefill,vfdiv.vv,other,56012,1.137615610239705e-05
q4_0,rvv,1024,prefill,vfsgnjn.vv,other,56012,1.137615610239705e-05
q4_0,rvv,1024,prefill,vfsub.vv,other,56012,1.137615610239705e-05
q4_0,rvv,1024,prefill,vmfgt.vf,other,56012,1.137615610239705e-05
q4_0,rvv,1024,prefill,vmv2r.v,other,56012,1.137615610239705e-05
q4_0,rvv,1024,prefill,csrrs.vlenb,rvv_csr_scalar_instruction,12465,2.5316679607294725e-06
q4_0,rvv,1024,prefill,vfmsac.vv,other,12288,2.4957188849934824e-06
q4_0,rvv,1024,prefill,vle64.v,memory,8703,1.7675977747475811e-06
q4_0,rvv,1024,prefill,vfcvt.f.x.v,other,7168,1.455836016246198e-06
q4_0,rvv,1024,prefill,vsext.vf4,other,7168,1.455836016246198e-06
q4_0,rvv,1024,prefill,vse64.v,memory,2240,4.549487550769369e-07
q4_0,rvv,1024,prefill,vmv.s.x,other,2062,4.187965772181446e-07
q4_0,rvv,1024,prefill,vredsum.vs,reduction,2061,4.185934750953424e-07
q4_0,rvv,1024,prefill,vmadd.vv,other,2060,4.183903729725402e-07
q4_0,rvv,1024,prefill,vmul.vv,other,2060,4.183903729725402e-07
q4_0,rvv,1024,prefill,vle8ff.v,memory,316,6.418027080549646e-08
q4_0,rvv,1024,prefill,vmseq.vi,other,166,3.371495238516586e-08
q4_0,rvv,1024,prefill,vfirst.m,other,160,3.2496339648352635e-08
q4_0,rvv,1024,prefill,vmsne.vv,other,160,3.2496339648352635e-08
q4_0,rvv,1024,prefill,csrrs.vl,rvv_csr_scalar_instruction,158,3.209013540274823e-08
q4_0,rvv,1024,prefill,vmor.mm,other,158,3.209013540274823e-08
q4_0,rvv,1024,prefill,vid.v,other,60,1.2186127368132238e-08
q4_0,rvv,1024,prefill,vmul.vx,other,59,1.1983025245330034e-08
q4_0,rvv,1024,prefill,vmsne.vi,other,32,6.499267929670527e-09
q4_0,rvv,1024,prefill,vredor.vs,reduction,32,6.499267929670527e-09
q4_0,rvv,1024,prefill,vslidedown.vi,other,2,4.0620424560440794e-10
q4_0,rvv,1024,prefill,vlse32.v,memory,1,2.0310212280220397e-10
q4_0,rvv,1024,prefill,vslide1down.vx,other,1,2.0310212280220397e-10
q4_0,rvv,1024,decode,vle8.v,memory,631343849,0.21694510505199932
q4_0,rvv,1024,decode,vsetivli,configuration,404696229,0.1390634692230176
q4_0,rvv,1024,decode,vadd.vi,other,335470457,0.11527580992668739
q4_0,rvv,1024,decode,vsetvli,configuration,305843723,0.10509534340252925
q4_0,rvv,1024,decode,vmv.x.s,other,231546511,0.07956501395061333
q4_0,rvv,1024,decode,vwmul.vv,widening_multiply_accumulate,231544320,0.07956426106971345
q4_0,rvv,1024,decode,vwredsum.vs,reduction,231544320,0.07956426106971345
q4_0,rvv,1024,decode,vsrl.vi,shift_unpack_bitwise,168171300,0.05778774973894027
q4_0,rvv,1024,decode,vand.vi,shift_unpack_bitwise,167732880,0.05763709796161235
q4_0,rvv,1024,decode,vwmacc.vv,widening_multiply_accumulate,167731200,0.057636520672743434
q4_0,rvv,1024,decode,vmv.v.i,other,7090708,0.0024365397625867296
q4_0,rvv,1024,decode,vsll.vi,shift_unpack_bitwise,2907240,0.0009989983876620844
q4_0,rvv,1024,decode,vle16.v,memory,2441460,0.0008389450487546514
q4_0,rvv,1024,decode,vluxei64.v,memory,2441460,0.0008389450487546514
q4_0,rvv,1024,decode,vzext.vf4,other,2441460,0.0008389450487546514
q4_0,rvv,1024,decode,vand.vv,shift_unpack_bitwise,1753710,0.0006026174180414668
q4_0,rvv,1024,decode,vmv1r.v,other,1683270,0.0005784125204661317
q4_0,rvv,1024,decode,vmv.v.x,other,1451595,0.0004988033545694003
q4_0,rvv,1024,decode,vnsrl.wi,shift_unpack_bitwise,1430880,0.0004916851766410491
q4_0,rvv,1024,decode,vfmv.f.s,other,963180,0.00033097207902628147
q4_0,rvv,1024,decode,vfmul.vv,other,960000,0.00032987935366725866
q4_0,rvv,1024,decode,vadd.vv,other,877350,0.00030147880306246813
q4_0,rvv,1024,decode,vfmv.s.f,other,847560,0.00029124223436898097
q4_0,rvv,1024,decode,vfwredosum.vs,reduction,847560,0.00029124223436898097
q4_0,rvv,1024,decode,vse8.v,memory,637483,0.00021905466668110943
q4_0,rvv,1024,decode,vfmul.vf,other,607020,0.0002085868388157285
q4_0,rvv,1024,decode,vfsgnjx.vv,other,581400,0.00019978318356473352
q4_0,rvv,1024,decode,vfmacc.vf,other,520500,0.0001788564620664668
q4_0,rvv,1024,decode,vor.vv,shift_unpack_bitwise,438435,0.00015065693169281723
q4_0,rvv,1024,decode,vmaxu.vv,other,438420,0.0001506517773279162
q4_0,rvv,1024,decode,vmerge.vvm,other,438420,0.0001506517773279162
q4_0,rvv,1024,decode,vmsleu.vv,other,438420,0.0001506517773279162
q4_0,rvv,1024,decode,vse16.v,memory,438420,0.0001506517773279162
q4_0,rvv,1024,decode,vfmadd.vv,other,408960,0.0001405286046622522
q4_0,rvv,1024,decode,vle32.v,memory,355179,0.00012204814474602423
q4_0,rvv,1024,decode,vfmv.v.f,other,295230,0.00010144820998248414
q4_0,rvv,1024,decode,vfncvt.x.f.w,other,115620,3.972984465730046e-05
q4_0,rvv,1024,decode,vfredmax.vs,reduction,115620,3.972984465730046e-05
q4_0,rvv,1024,decode,vse32.v,memory,103906,3.5704629293906436e-05
q4_0,rvv,1024,decode,vfmacc.vv,other,82080,2.8204684738550616e-05
q4_0,rvv,1024,decode,vfnmsac.vf,other,54720,1.8803123159033742e-05
q4_0,rvv,1024,decode,vfadd.vv,other,33120,1.1380837701520423e-05
q4_0,rvv,1024,decode,vadd.vx,other,28104,9.657218078608997e-06
q4_0,rvv,1024,decode,vcpop.m,other,27833,9.564095886063345e-06
q4_0,rvv,1024,decode,vfadd.vf,other,27360,9.401561579516871e-06
q4_0,rvv,1024,decode,vfdiv.vv,other,27360,9.401561579516871e-06
q4_0,rvv,1024,decode,vfsgnjn.vv,other,27360,9.401561579516871e-06
q4_0,rvv,1024,decode,vfsub.vv,other,27360,9.401561579516871e-06
q4_0,rvv,1024,decode,vmfgt.vf,other,27360,9.401561579516871e-06
q4_0,rvv,1024,decode,vmv2r.v,other,27360,9.401561579516871e-06
q4_0,rvv,1024,decode,vle64.v,memory,9156,3.1462243356014793e-06
q4_0,rvv,1024,decode,csrrs.vlenb,rvv_csr_scalar_instruction,8415,2.891598709489564e-06
q4_0,rvv,1024,decode,vle8ff.v,memory,7332,2.5194535636336878e-06
q4_0,rvv,1024,decode,vfmsac.vv,other,5760,1.979276122003552e-06
q4_0,rvv,1024,decode,vfirst.m,other,3696,1.270035511618946e-06
q4_0,rvv,1024,decode,vmsne.vv,other,3696,1.270035511618946e-06
q4_0,rvv,1024,decode,vmseq.vi,other,3674,1.2624757764307378e-06
q4_0,rvv,1024,decode,csrrs.vl,rvv_csr_scalar_instruction,3666,1.2597267818168439e-06
q4_0,rvv,1024,decode,vmor.mm,other,3666,1.2597267818168439e-06
q4_0,rvv,1024,decode,vfcvt.f.x.v,other,3360,1.1545777378354053e-06
q4_0,rvv,1024,decode,vsext.vf4,other,3360,1.1545777378354053e-06
q4_0,rvv,1024,decode,vse64.v,memory,3244,1.1147173159339448e-06
q4_0,rvv,1024,decode,vmv.s.x,other,2131,7.322634402759668e-07
q4_0,rvv,1024,decode,vmadd.vv,other,2116,7.271090753749159e-07
q4_0,rvv,1024,decode,vmul.vv,other,2116,7.271090753749159e-07
q4_0,rvv,1024,decode,vredsum.vs,reduction,2116,7.271090753749159e-07
q4_0,rvv,1024,decode,vid.v,other,788,2.707759694685415e-07
q4_0,rvv,1024,decode,vmul.vx,other,758,2.6046723966643964e-07
q4_0,rvv,1024,decode,vmsne.vi,other,465,1.5978531193257842e-07
q4_0,rvv,1024,decode,vslidedown.vi,other,30,1.0308729802101833e-08
q4_0,rvv,1024,decode,vlse32.v,memory,15,5.154364901050916e-09
q4_0,rvv,1024,decode,vredor.vs,reduction,15,5.154364901050916e-09
q8_0,rvv,128,prefill,vsetvli,configuration,762107744,0.24773494536901677
q8_0,rvv,128,prefill,vle8.v,memory,701450646,0.22801741464245182
q8_0,rvv,128,prefill,vsetivli,configuration,355772335,0.11564931687012557
q8_0,rvv,128,prefill,vmv.x.s,other,349417024,0.11358342443459599
q8_0,rvv,128,prefill,vwmul.vv,widening_multiply_accumulate,349414912,0.11358273789623086
q8_0,rvv,128,prefill,vwredsum.vs,reduction,349414912,0.11358273789623086
q8_0,rvv,128,prefill,vsll.vi,shift_unpack_bitwise,21173440,0.006882755152366166
q8_0,rvv,128,prefill,vle16.v,memory,17348400,0.005639366559487225
q8_0,rvv,128,prefill,vluxei64.v,memory,17348400,0.005639366559487225
q8_0,rvv,128,prefill,vzext.vf4,other,17348400,0.005639366559487225
q8_0,rvv,128,prefill,vand.vv,shift_unpack_bitwise,13507840,0.004390932949834216
q8_0,rvv,128,prefill,vmv1r.v,other,12430969,0.004040879324930388
q8_0,rvv,128,prefill,vnsrl.wi,shift_unpack_bitwise,10370172,0.003370985289302227
q8_0,rvv,128,prefill,vmv.v.i,other,10218583,0.0033217089331318535
q8_0,rvv,128,prefill,vfmul.vv,other,8106288,0.002635074673674378
q8_0,rvv,128,prefill,vadd.vv,other,6753921,0.002195466799982622
q8_0,rvv,128,prefill,vfmv.f.s,other,6591084,0.002142534106913104
q8_0,rvv,128,prefill,vfmv.s.f,other,6351744,0.0020647329268418772
q8_0,rvv,128,prefill,vfwredosum.vs,reduction,6351744,0.0020647329268418772
q8_0,rvv,128,prefill,vfmacc.vf,other,4721232,0.0015347097058161553
q8_0,rvv,128,prefill,vfmul.vf,other,4423228,0.0014378388824437733
q8_0,rvv,128,prefill,vle32.v,memory,4125750,0.0013411390435316467
q8_0,rvv,128,prefill,vfsgnjx.vv,other,4064380,0.0013211897729501676
q8_0,rvv,128,prefill,vor.vv,shift_unpack_bitwise,3376976,0.0010977384385067747
q8_0,rvv,128,prefill,vmaxu.vv,other,3376944,0.0010977280364103334
q8_0,rvv,128,prefill,vmerge.vvm,other,3376944,0.0010977280364103334
q8_0,rvv,128,prefill,vmsleu.vv,other,3376944,0.0010977280364103334
q8_0,rvv,128,prefill,vse16.v,memory,3376944,0.0010977280364103334
q8_0,rvv,128,prefill,vsrl.vi,shift_unpack_bitwise,3376944,0.0010977280364103334
q8_0,rvv,128,prefill,vfmadd.vv,other,2936832,0.0009546628030038496
q8_0,rvv,128,prefill,vse8.v,memory,2853001,0.0009274122359170651
q8_0,rvv,128,prefill,vse32.v,memory,1562832,0.0005080227870522088
q8_0,rvv,128,prefill,vfmv.v.f,other,1542419,0.0005013872247191514
q8_0,rvv,128,prefill,vfmacc.vv,other,1344288,0.00043698166940582203
q8_0,rvv,128,prefill,vmv.v.x,other,1327877,0.0004316470192589644
q8_0,rvv,128,prefill,vfnmsac.vf,other,896192,0.0002913211129372147
q8_0,rvv,128,prefill,vfadd.vv,other,551360,0.00017922812168493212
q8_0,rvv,128,prefill,vadd.vx,other,448155,0.00014567973533392113
q8_0,rvv,128,prefill,vcpop.m,other,448135,0.00014567323402364527
q8_0,rvv,128,prefill,vfadd.vf,other,448096,0.00014566055646860734
q8_0,rvv,128,prefill,vfdiv.vv,other,448096,0.00014566055646860734
q8_0,rvv,128,prefill,vfsgnjn.vv,other,448096,0.00014566055646860734
q8_0,rvv,128,prefill,vfsub.vv,other,448096,0.00014566055646860734
q8_0,rvv,128,prefill,vmfgt.vf,other,448096,0.00014566055646860734
q8_0,rvv,128,prefill,vmv2r.v,other,448096,0.00014566055646860734
q8_0,rvv,128,prefill,vfncvt.x.f.w,other,239340,7.780118007122687e-05
q8_0,rvv,128,prefill,vfredmax.vs,reduction,239340,7.780118007122687e-05
q8_0,rvv,128,prefill,vfmsac.vv,other,98304,3.195524026791129e-05
q8_0,rvv,128,prefill,csrrs.vlenb,rvv_csr_scalar_instruction,12465,4.0519416294302794e-06
q8_0,rvv,128,prefill,vle64.v,memory,8703,2.8290451665408522e-06
q8_0,rvv,128,prefill,vfwcvt.f.x.v,other,7168,2.330069602868531e-06
q8_0,rvv,128,prefill,vsext.vf2,other,7168,2.330069602868531e-06
q8_0,rvv,128,prefill,vadd.vi,other,4159,1.3519474718652652e-06
q8_0,rvv,128,prefill,vse64.v,memory,2240,7.281467508964161e-07
q8_0,rvv,128,prefill,vmv.s.x,other,2062,6.702850894412544e-07
q8_0,rvv,128,prefill,vredsum.vs,reduction,2061,6.699600239274613e-07
q8_0,rvv,128,prefill,vmadd.vv,other,2060,6.696349584136683e-07
q8_0,rvv,128,prefill,vmul.vv,other,2060,6.696349584136683e-07
q8_0,rvv,128,prefill,vle8ff.v,memory,316,1.0272070235860155e-07
q8_0,rvv,128,prefill,vmseq.vi,other,166,5.396087528964512e-08
q8_0,rvv,128,prefill,vfirst.m,other,160,5.201048220688686e-08
q8_0,rvv,128,prefill,vmsne.vv,other,160,5.201048220688686e-08
q8_0,rvv,128,prefill,csrrs.vl,rvv_csr_scalar_instruction,158,5.1360351179300775e-08
q8_0,rvv,128,prefill,vmor.mm,other,158,5.1360351179300775e-08
q8_0,rvv,128,prefill,vid.v,other,60,1.950393082758257e-08
q8_0,rvv,128,prefill,vmul.vx,other,59,1.917886531378953e-08
q8_0,rvv,128,prefill,vmsne.vi,other,39,1.2677555037928671e-08
q8_0,rvv,128,prefill,vredor.vs,reduction,32,1.0402096441377371e-08
q8_0,rvv,128,prefill,vslidedown.vi,other,2,6.501310275860857e-10
q8_0,rvv,128,prefill,vlse32.v,memory,1,3.2506551379304285e-10
q8_0,rvv,128,prefill,vslide1down.vx,other,1,3.2506551379304285e-10
q8_0,rvv,128,decode,vsetvli,configuration,525537791,0.24626623193238562
q8_0,rvv,128,decode,vle8.v,memory,465504712,0.2181348198630503
q8_0,rvv,128,decode,vsetivli,configuration,238336029,0.11168391084468707
q8_0,rvv,128,decode,vmv.x.s,other,231546511,0.10850235274718936
q8_0,rvv,128,decode,vwmul.vv,widening_multiply_accumulate,231544320,0.10850132604782843
q8_0,rvv,128,decode,vwredsum.vs,reduction,231544320,0.10850132604782843
q8_0,rvv,128,decode,vsll.vi,shift_unpack_bitwise,23273440,0.010905899577647045
q8_0,rvv,128,decode,vle16.v,memory,19539440,0.009156152697816042
q8_0,rvv,128,decode,vluxei64.v,memory,19539440,0.009156152697816042
q8_0,rvv,128,decode,vzext.vf4,other,19539440,0.009156152697816042
q8_0,rvv,128,decode,vand.vv,shift_unpack_bitwise,14060510,0.006588734199607022
q8_0,rvv,128,decode,vmv1r.v,other,13481470,0.0063173969116323715
q8_0,rvv,128,decode,vnsrl.wi,shift_unpack_bitwise,10660980,0.00499571946731139
q8_0,rvv,128,decode,vfmul.vv,other,7664240,0.003591451533550072
q8_0,rvv,128,decode,vmv.v.i,other,7282713,0.003412668545381544
q8_0,rvv,128,decode,vadd.vv,other,7030750,0.0032945990560717263
q8_0,rvv,128,decode,vfmv.f.s,other,6896100,0.003231502265131918
q8_0,rvv,128,decode,vfmv.s.f,other,6780480,0.0031773229040590574
q8_0,rvv,128,decode,vfwredosum.vs,reduction,6780480,0.0031773229040590574
q8_0,rvv,128,decode,vfmacc.vf,other,4171760,0.0019548805686673237
q8_0,rvv,128,decode,vfmul.vf,other,4024340,0.0018857997746060792
q8_0,rvv,128,decode,vfsgnjx.vv,other,3849620,0.0018039262409038637
q8_0,rvv,128,decode,vor.vv,shift_unpack_bitwise,3515135,0.0016471870643906678
q8_0,rvv,128,decode,vmaxu.vv,other,3515120,0.001647180035412843
q8_0,rvv,128,decode,vmerge.vvm,other,3515120,0.001647180035412843
q8_0,rvv,128,decode,vmsleu.vv,other,3515120,0.001647180035412843
q8_0,rvv,128,decode,vse16.v,memory,3515120,0.001647180035412843
q8_0,rvv,128,decode,vsrl.vi,shift_unpack_bitwise,3515120,0.001647180035412843
q8_0,rvv,128,decode,vfmadd.vv,other,3271680,0.0015331044113030255
q8_0,rvv,128,decode,vse8.v,memory,2527866,0.0011845542705224636
q8_0,rvv,128,decode,vle32.v,memory,2000739,0.0009375433376020894
q8_0,rvv,128,decode,vmv.v.x,other,1451595,0.0006802152710306067
q8_0,rvv,128,decode,vfmv.v.f,other,870275,0.00040780957842660053
q8_0,rvv,128,decode,vse32.v,memory,763726,0.0003578808745436028
q8_0,rvv,128,decode,vfmacc.vv,other,656640,0.00030770053325448045
q8_0,rvv,128,decode,vfnmsac.vf,other,437760,0.0002051336888363203
q8_0,rvv,128,decode,vfadd.vv,other,264960,0.00012415986429566755
q8_0,rvv,128,decode,vadd.vx,other,219624,0.00010291548171826574
q8_0,rvv,128,decode,vcpop.m,other,219353,0.00010278849151889932
q8_0,rvv,128,decode,vfadd.vf,other,218880,0.00010256684441816014
q8_0,rvv,128,decode,vfdiv.vv,other,218880,0.00010256684441816014
q8_0,rvv,128,decode,vfsgnjn.vv,other,218880,0.00010256684441816014
q8_0,rvv,128,decode,vfsub.vv,other,218880,0.00010256684441816014
q8_0,rvv,128,decode,vmfgt.vf,other,218880,0.00010256684441816014
q8_0,rvv,128,decode,vmv2r.v,other,218880,0.00010256684441816014
q8_0,rvv,128,decode,vfncvt.x.f.w,other,115620,5.417936107286036e-05
q8_0,rvv,128,decode,vfredmax.vs,reduction,115620,5.417936107286036e-05
q8_0,rvv,128,decode,vfmsac.vv,other,46080,2.15930198775074e-05
q8_0,rvv,128,decode,vle64.v,memory,9156,4.290488064202642e-06
q8_0,rvv,128,decode,csrrs.vlenb,rvv_csr_scalar_instruction,8415,3.943256559661996e-06
q8_0,rvv,128,decode,vle8ff.v,memory,7332,3.4357643607179744e-06
q8_0,rvv,128,decode,vadd.vi,other,4697,2.2010072561773495e-06
q8_0,rvv,128,decode,vfirst.m,other,3696,1.731940136008406e-06
q8_0,rvv,128,decode,vmsne.vv,other,3696,1.731940136008406e-06
q8_0,rvv,128,decode,vmseq.vi,other,3674,1.7216309685321655e-06
q8_0,rvv,128,decode,csrrs.vl,rvv_csr_scalar_instruction,3666,1.7178821803589872e-06
q8_0,rvv,128,decode,vmor.mm,other,3666,1.7178821803589872e-06
q8_0,rvv,128,decode,vfwcvt.f.x.v,other,3360,1.5744910327349146e-06
q8_0,rvv,128,decode,vsext.vf2,other,3360,1.5744910327349146e-06
q8_0,rvv,128,decode,vse64.v,memory,3244,1.5201336042238282e-06
q8_0,rvv,128,decode,vmv.s.x,other,2131,9.985834496303878e-07
q8_0,rvv,128,decode,vmadd.vv,other,2116,9.915544718056783e-07
q8_0,rvv,128,decode,vmul.vv,other,2116,9.915544718056783e-07
q8_0,rvv,128,decode,vredsum.vs,reduction,2116,9.915544718056783e-07
q8_0,rvv,128,decode,vid.v,other,788,3.6925563505806925e-07
q8_0,rvv,128,decode,vmul.vx,other,758,3.5519767940865036e-07
q8_0,rvv,128,decode,vmsne.vi,other,465,2.1789831256599263e-07
q8_0,rvv,128,decode,vslidedown.vi,other,30,1.405795564941888e-08
q8_0,rvv,128,decode,vlse32.v,memory,15,7.02897782470944e-09
q8_0,rvv,128,decode,vredor.vs,reduction,15,7.02897782470944e-09
q8_0,rvv,256,prefill,vsetvli,configuration,735997888,0.24966114804572137
q8_0,rvv,256,prefill,vle8.v,memory,700144218,0.2374990636704841
q8_0,rvv,256,prefill,vsetivli,configuration,352596463,0.11960582928933719
q8_0,rvv,256,prefill,vmv.x.s,other,349417024,0.11852731751121462
q8_0,rvv,256,prefill,vwmul.vv,widening_multiply_accumulate,349414912,0.11852660109021224
q8_0,rvv,256,prefill,vwredsum.vs,reduction,349414912,0.11852660109021224
q8_0,rvv,256,prefill,vsll.vi,shift_unpack_bitwise,10586720,0.0035911688230803717
q8_0,rvv,256,prefill,vmv.v.i,other,9994527,0.0033902883767432217
q8_0,rvv,256,prefill,vle16.v,memory,8674200,0.0029424143271158357
q8_0,rvv,256,prefill,vluxei64.v,memory,8674200,0.0029424143271158357
q8_0,rvv,256,prefill,vzext.vf4,other,8674200,0.0029424143271158357
q8_0,rvv,256,prefill,vand.vv,shift_unpack_bitwise,6753952,0.0022910383815743993
q8_0,rvv,256,prefill,vmv1r.v,other,6215493,0.0021083852866302585
q8_0,rvv,256,prefill,vnsrl.wi,shift_unpack_bitwise,5304756,0.0017994500998655429
q8_0,rvv,256,prefill,vfmul.vv,other,4056728,0.0013761009186336458
q8_0,rvv,256,prefill,vfmv.f.s,other,3415212,0.0011584893960178376
q8_0,rvv,256,prefill,vadd.vv,other,3376977,0.0011455195300016892
q8_0,rvv,256,prefill,vfmv.s.f,other,3175872,0.0010773018000375854
q8_0,rvv,256,prefill,vfwredosum.vs,reduction,3175872,0.0010773018000375854
q8_0,rvv,256,prefill,vfmacc.vf,other,2360616,0.0008007551519700809
q8_0,rvv,256,prefill,vfmul.vf,other,2331284,0.0007908053125563066
q8_0,rvv,256,prefill,vle32.v,memory,2182582,0.0007403634394993354
q8_0,rvv,256,prefill,vfsgnjx.vv,other,2151860,0.0007299420919447883
q8_0,rvv,256,prefill,vor.vv,shift_unpack_bitwise,1688504,0.000572765022825436
q8_0,rvv,256,prefill,vmaxu.vv,other,1688472,0.0005727541679617636
q8_0,rvv,256,prefill,vmerge.vvm,other,1688472,0.0005727541679617636
q8_0,rvv,256,prefill,vmsleu.vv,other,1688472,0.0005727541679617636
q8_0,rvv,256,prefill,vse16.v,memory,1688472,0.0005727541679617636
q8_0,rvv,256,prefill,vsrl.vi,shift_unpack_bitwise,1688472,0.0005727541679617636
q8_0,rvv,256,prefill,vse8.v,memory,1546577,0.0005246213279366199
q8_0,rvv,256,prefill,vfmadd.vv,other,1468416,0.0004981079842021313
q8_0,rvv,256,prefill,vmv.v.x,other,1327877,0.00045043511902510835
q8_0,rvv,256,prefill,vfmv.v.f,other,870275,0.00029520989007986143
q8_0,rvv,256,prefill,vse32.v,memory,785116,0.0002663227233460004
q8_0,rvv,256,prefill,vfmacc.vv,other,672144,0.00022800098400831736
q8_0,rvv,256,prefill,vfnmsac.vf,other,448096,0.0001520006560055449
q8_0,rvv,256,prefill,vfadd.vv,other,275680,9.351465053829675e-05
q8_0,rvv,256,prefill,vfncvt.x.f.w,other,239340,8.118759598025226e-05
q8_0,rvv,256,prefill,vfredmax.vs,reduction,239340,8.118759598025226e-05
q8_0,rvv,256,prefill,vadd.vx,other,224107,7.602034165766855e-05
q8_0,rvv,256,prefill,vcpop.m,other,224087,7.601355736787327e-05
q8_0,rvv,256,prefill,vfadd.vf,other,224048,7.600032800277245e-05
q8_0,rvv,256,prefill,vfdiv.vv,other,224048,7.600032800277245e-05
q8_0,rvv,256,prefill,vfsgnjn.vv,other,224048,7.600032800277245e-05
q8_0,rvv,256,prefill,vfsub.vv,other,224048,7.600032800277245e-05
q8_0,rvv,256,prefill,vmfgt.vf,other,224048,7.600032800277245e-05
q8_0,rvv,256,prefill,vmv2r.v,other,224048,7.600032800277245e-05
q8_0,rvv,256,prefill,vfmsac.vv,other,49152,1.667307060090816e-05
q8_0,rvv,256,prefill,csrrs.vlenb,rvv_csr_scalar_instruction,12465,4.228308614915369e-06
q8_0,rvv,256,prefill,vle64.v,memory,8703,2.9521837044210555e-06
q8_0,rvv,256,prefill,vfwcvt.f.x.v,other,7168,2.43148946263244e-06
q8_0,rvv,256,prefill,vsext.vf2,other,7168,2.43148946263244e-06
q8_0,rvv,256,prefill,vadd.vi,other,4155,1.4094362049717897e-06
q8_0,rvv,256,prefill,vse64.v,memory,2240,7.598404570726375e-07
q8_0,rvv,256,prefill,vmv.s.x,other,2062,6.99460277894544e-07
q8_0,rvv,256,prefill,vredsum.vs,reduction,2061,6.991210634047794e-07
q8_0,rvv,256,prefill,vmadd.vv,other,2060,6.987818489150149e-07
q8_0,rvv,256,prefill,vmul.vv,other,2060,6.987818489150149e-07
q8_0,rvv,256,prefill,vle8ff.v,memory,316,1.0719177876560422e-07
q8_0,rvv,256,prefill,vmseq.vi,other,166,5.6309605300918674e-08
q8_0,rvv,256,prefill,vfirst.m,other,160,5.427431836233125e-08
q8_0,rvv,256,prefill,vmsne.vv,other,160,5.427431836233125e-08
q8_0,rvv,256,prefill,csrrs.vl,rvv_csr_scalar_instruction,158,5.359588938280211e-08
q8_0,rvv,256,prefill,vmor.mm,other,158,5.359588938280211e-08
q8_0,rvv,256,prefill,vid.v,other,60,2.035286938587422e-08
q8_0,rvv,256,prefill,vmul.vx,other,59,2.0013654896109648e-08
q8_0,rvv,256,prefill,vmsne.vi,other,35,1.1872507141759962e-08
q8_0,rvv,256,prefill,vredor.vs,reduction,32,1.085486367246625e-08
q8_0,rvv,256,prefill,vslidedown.vi,other,2,6.784289795291406e-10
q8_0,rvv,256,prefill,vlse32.v,memory,1,3.392144897645703e-10
q8_0,rvv,256,prefill,vslide1down.vx,other,1,3.392144897645703e-10
q8_0,rvv,256,decode,vsetvli,configuration,498331808,0.24890580216594682
q8_0,rvv,256,decode,vle8.v,memory,464302289,0.23190880420587215
q8_0,rvv,256,decode,vsetivli,configuration,234945789,0.11735026570199646
q8_0,rvv,256,decode,vmv.x.s,other,231546511,0.11565240093841497
q8_0,rvv,256,decode,vwmul.vv,widening_multiply_accumulate,231544320,0.11565130658199664
q8_0,rvv,256,decode,vwredsum.vs,reduction,231544320,0.11565130658199664
q8_0,rvv,256,decode,vsll.vi,shift_unpack_bitwise,11636720,0.0058122862712799515
q8_0,rvv,256,decode,vle16.v,memory,9769720,0.004879760742739291
q8_0,rvv,256,decode,vluxei64.v,memory,9769720,0.004879760742739291
q8_0,rvv,256,decode,vzext.vf4,other,9769720,0.004879760742739291
q8_0,rvv,256,decode,vmv.v.i,other,7173273,0.0035828924454694407
q8_0,rvv,256,decode,vand.vv,shift_unpack_bitwise,7030270,0.0035114655851813314
q8_0,rvv,256,decode,vmv1r.v,other,6740750,0.003366856698720115
q8_0,rvv,256,decode,vnsrl.wi,shift_unpack_bitwise,5388300,0.0026913376033399243
q8_0,rvv,256,decode,vfmul.vv,other,3833800,0.0019148989669626046
q8_0,rvv,256,decode,vadd.vv,other,3515630,0.0017559800342278526
q8_0,rvv,256,decode,vfmv.f.s,other,3505860,0.001751100133631258
q8_0,rvv,256,decode,vfmv.s.f,other,3390240,0.0016933504809210965
q8_0,rvv,256,decode,vfwredosum.vs,reduction,3390240,0.0016933504809210965
q8_0,rvv,256,decode,vfmacc.vf,other,2085880,0.0010418512852021383
q8_0,rvv,256,decode,vfmul.vf,other,2069980,0.0010339095841288674
q8_0,rvv,256,decode,vfsgnjx.vv,other,1982620,0.0009902751812508213
q8_0,rvv,256,decode,vor.vv,shift_unpack_bitwise,1757575,0.0008778701423807448
q8_0,rvv,256,decode,vmaxu.vv,other,1757560,0.000877862650209921
q8_0,rvv,256,decode,vmerge.vvm,other,1757560,0.000877862650209921
q8_0,rvv,256,decode,vmsleu.vv,other,1757560,0.000877862650209921
q8_0,rvv,256,decode,vse16.v,memory,1757560,0.000877862650209921
q8_0,rvv,256,decode,vsrl.vi,shift_unpack_bitwise,1757560,0.000877862650209921
q8_0,rvv,256,decode,vfmadd.vv,other,1635840,0.0008170661813647313
q8_0,rvv,256,decode,vmv.v.x,other,1451595,0.0007250398471355006
q8_0,rvv,256,decode,vse8.v,memory,1325443,0.0006620296915508934
q8_0,rvv,256,decode,vle32.v,memory,1058259,0.0005285771469244298
q8_0,rvv,256,decode,vfmv.v.f,other,541955,0.00027069462925562583
q8_0,rvv,256,decode,vse32.v,memory,384526,0.00019206229854720186
q8_0,rvv,256,decode,vfmacc.vv,other,328320,0.0001639886349922172
q8_0,rvv,256,decode,vfnmsac.vf,other,218880,0.00010932575666147813
q8_0,rvv,256,decode,vfadd.vv,other,132480,6.617085271615781e-05
q8_0,rvv,256,decode,vfncvt.x.f.w,other,115620,5.774965271016128e-05
q8_0,rvv,256,decode,vfredmax.vs,reduction,115620,5.774965271016128e-05
q8_0,rvv,256,decode,vadd.vx,other,110184,5.5034490003601546e-05
q8_0,rvv,256,decode,vcpop.m,other,109913,5.4899131450717496e-05
q8_0,rvv,256,decode,vfadd.vf,other,109440,5.4662878330739066e-05
q8_0,rvv,256,decode,vfdiv.vv,other,109440,5.4662878330739066e-05
q8_0,rvv,256,decode,vfsgnjn.vv,other,109440,5.4662878330739066e-05
q8_0,rvv,256,decode,vfsub.vv,other,109440,5.4662878330739066e-05
q8_0,rvv,256,decode,vmfgt.vf,other,109440,5.4662878330739066e-05
q8_0,rvv,256,decode,vmv2r.v,other,109440,5.4662878330739066e-05
q8_0,rvv,256,decode,vfmsac.vv,other,23040,1.150797438541875e-05
q8_0,rvv,256,decode,vle64.v,memory,9156,4.573221070872139e-06
q8_0,rvv,256,decode,csrrs.vlenb,rvv_csr_scalar_instruction,8415,4.203107832174426e-06
q8_0,rvv,256,decode,vle8ff.v,memory,7332,3.6621730986931545e-06
q8_0,rvv,256,decode,vadd.vi,other,4697,2.3460484239718696e-06
q8_0,rvv,256,decode,vfirst.m,other,3696,1.846070890994258e-06
q8_0,rvv,256,decode,vmsne.vv,other,3696,1.846070890994258e-06
q8_0,rvv,256,decode,vmseq.vi,other,3674,1.8350823737859588e-06
q8_0,rvv,256,decode,csrrs.vl,rvv_csr_scalar_instruction,3666,1.8310865493465772e-06
q8_0,rvv,256,decode,vmor.mm,other,3666,1.8310865493465772e-06
q8_0,rvv,256,decode,vfwcvt.f.x.v,other,3360,1.6782462645402344e-06
q8_0,rvv,256,decode,vsext.vf2,other,3360,1.6782462645402344e-06
q8_0,rvv,256,decode,vse64.v,memory,3244,1.6203068101692026e-06
q8_0,rvv,256,decode,vmv.s.x,other,2131,1.06438773504025e-06
q8_0,rvv,256,decode,vmadd.vv,other,2116,1.0568955642164095e-06
q8_0,rvv,256,decode,vmul.vv,other,2116,1.0568955642164095e-06
q8_0,rvv,256,decode,vredsum.vs,reduction,2116,1.0568955642164095e-06
q8_0,rvv,256,decode,vid.v,other,788,3.935887072790788e-07
q8_0,rvv,256,decode,vmul.vx,other,758,3.786043656313981e-07
q8_0,rvv,256,decode,vmsne.vi,other,465,2.322572955390503e-07
q8_0,rvv,256,decode,vslidedown.vi,other,30,1.4984341647680666e-08
q8_0,rvv,256,decode,vlse32.v,memory,15,7.492170823840333e-09
q8_0,rvv,256,decode,vredor.vs,reduction,15,7.492170823840333e-09
