quant,mode,vlen,phase,scalar_instructions,rvv_instructions,scalar_over_rvv
q4_0,rvv,128,prefill,68273965275,11189007509,6.101878582178365
q4_0,rvv,128,decode,48649647707,7198291400,6.758499344302733
q4_0,rvv,256,prefill,68273965275,11023400813,6.19354829178341
q4_0,rvv,256,decode,48649647707,7030287879,6.920007906407384
q4_0,rvv,512,prefill,68273965275,10940646494,6.240395877194494
q4_0,rvv,512,decode,48649647707,6946309164,7.003668647392211
q4_0,rvv,1024,prefill,68273965275,10901359513,6.262885394576933
q4_0,rvv,1024,decode,48649647707,6905816411,7.044735164043445
q8_0,rvv,128,prefill,85987895009,8782468214,9.790857525897787
q8_0,rvv,128,decode,57258556042,6029037629,9.497130315887103
q8_0,rvv,256,prefill,85987895009,8616768230,9.979135183145107
q8_0,rvv,256,decode,57258556042,5860882788,9.769612891633894
