name,gguf_dimensions,type,elements,bytes
output.weight,896x151936,Q8_0,136134656,144643072
token_embd.weight,896x151936,Q4_0,136134656,76575744
blk.0.attn_norm.weight,896,F32,896,3584
blk.0.ffn_down.weight,4864x896,Q4_0,4358144,2451456
blk.0.ffn_gate.weight,896x4864,Q4_0,4358144,2451456
blk.0.ffn_up.weight,896x4864,Q4_0,4358144,2451456
blk.0.ffn_norm.weight,896,F32,896,3584
blk.0.attn_k.bias,128,F32,128,512
blk.0.attn_k.weight,896x128,Q4_0,114688,64512
blk.0.attn_output.weight,896x896,Q4_0,802816,451584
blk.0.attn_q.bias,896,F32,896,3584
blk.0.attn_q.weight,896x896,Q4_0,802816,451584
blk.0.attn_v.bias,128,F32,128,512
blk.0.attn_v.weight,896x128,Q4_0,114688,64512
blk.1.attn_norm.weight,896,F32,896,3584
blk.1.ffn_down.weight,4864x896,Q4_0,4358144,2451456
blk.1.ffn_gate.weight,896x4864,Q4_0,4358144,2451456
blk.1.ffn_up.weight,896x4864,Q4_0,4358144,2451456
blk.1.ffn_norm.weight,896,F32,896,3584
blk.1.attn_k.bias,128,F32,128,512
blk.1.attn_k.weight,896x128,Q4_0,114688,64512
blk.1.attn_output.weight,896x896,Q4_0,802816,451584
blk.1.attn_q.bias,896,F32,896,3584
blk.1.attn_q.weight,896x896,Q4_0,802816,451584
blk.1.attn_v.bias,128,F32,128,512
blk.1.attn_v.weight,896x128,Q4_0,114688,64512
blk.10.attn_norm.weight,896,F32,896,3584
blk.10.ffn_down.weight,4864x896,Q4_0,4358144,2451456
blk.10.ffn_gate.weight,896x4864,Q4_0,4358144,2451456
blk.10.ffn_up.weight,896x4864,Q4_0,4358144,2451456
blk.10.ffn_norm.weight,896,F32,896,3584
blk.10.attn_k.bias,128,F32,128,512
blk.10.attn_k.weight,896x128,Q4_0,114688,64512
blk.10.attn_output.weight,896x896,Q4_0,802816,451584
blk.10.attn_q.bias,896,F32,896,3584
blk.10.attn_q.weight,896x896,Q4_0,802816,451584
blk.10.attn_v.bias,128,F32,128,512
blk.10.attn_v.weight,896x128,Q4_0,114688,64512
blk.11.attn_norm.weight,896,F32,896,3584
blk.11.ffn_down.weight,4864x896,Q4_0,4358144,2451456
blk.11.ffn_gate.weight,896x4864,Q4_0,4358144,2451456
blk.11.ffn_up.weight,896x4864,Q4_0,4358144,2451456
blk.11.ffn_norm.weight,896,F32,896,3584
blk.11.attn_k.bias,128,F32,128,512
blk.11.attn_k.weight,896x128,Q4_0,114688,64512
blk.11.attn_output.weight,896x896,Q4_0,802816,451584
blk.11.attn_q.bias,896,F32,896,3584
blk.11.attn_q.weight,896x896,Q4_0,802816,451584
blk.11.attn_v.bias,128,F32,128,512
blk.11.attn_v.weight,896x128,Q4_0,114688,64512
blk.12.attn_norm.weight,896,F32,896,3584
blk.12.ffn_down.weight,4864x896,Q4_0,4358144,2451456
blk.12.ffn_gate.weight,896x4864,Q4_0,4358144,2451456
blk.12.ffn_up.weight,896x4864,Q4_0,4358144,2451456
blk.12.ffn_norm.weight,896,F32,896,3584
blk.12.attn_k.bias,128,F32,128,512
blk.12.attn_k.weight,896x128,Q4_0,114688,64512
blk.12.attn_output.weight,896x896,Q4_0,802816,451584
blk.12.attn_q.bias,896,F32,896,3584
blk.12.attn_q.weight,896x896,Q4_0,802816,451584
blk.12.attn_v.bias,128,F32,128,512
blk.12.attn_v.weight,896x128,Q4_0,114688,64512
blk.13.attn_norm.weight,896,F32,896,3584
blk.13.ffn_down.weight,4864x896,Q4_0,4358144,2451456
blk.13.ffn_gate.weight,896x4864,Q4_0,4358144,2451456
blk.13.ffn_up.weight,896x4864,Q4_0,4358144,2451456
blk.13.ffn_norm.weight,896,F32,896,3584
blk.13.attn_k.bias,128,F32,128,512
blk.13.attn_k.weight,896x128,Q4_0,114688,64512
blk.13.attn_output.weight,896x896,Q4_0,802816,451584
blk.13.attn_q.bias,896,F32,896,3584
blk.13.attn_q.weight,896x896,Q4_0,802816,451584
blk.13.attn_v.bias,128,F32,128,512
blk.13.attn_v.weight,896x128,Q4_0,114688,64512
blk.14.attn_norm.weight,896,F32,896,3584
blk.14.ffn_down.weight,4864x896,Q4_0,4358144,2451456
blk.14.ffn_gate.weight,896x4864,Q4_0,4358144,2451456
blk.14.ffn_up.weight,896x4864,Q4_0,4358144,2451456
blk.14.ffn_norm.weight,896,F32,896,3584
blk.14.attn_k.bias,128,F32,128,512
blk.14.attn_k.weight,896x128,Q4_0,114688,64512
blk.14.attn_output.weight,896x896,Q4_0,802816,451584
blk.14.attn_q.bias,896,F32,896,3584
blk.14.attn_q.weight,896x896,Q4_0,802816,451584
blk.14.attn_v.bias,128,F32,128,512
blk.14.attn_v.weight,896x128,Q4_0,114688,64512
blk.15.attn_norm.weight,896,F32,896,3584
blk.15.ffn_down.weight,4864x896,Q4_0,4358144,2451456
blk.15.ffn_gate.weight,896x4864,Q4_0,4358144,2451456
blk.15.ffn_up.weight,896x4864,Q4_0,4358144,2451456
blk.15.ffn_norm.weight,896,F32,896,3584
blk.15.attn_k.bias,128,F32,128,512
blk.15.attn_k.weight,896x128,Q4_0,114688,64512
blk.15.attn_output.weight,896x896,Q4_0,802816,451584
blk.15.attn_q.bias,896,F32,896,3584
blk.15.attn_q.weight,896x896,Q4_0,802816,451584
blk.15.attn_v.bias,128,F32,128,512
blk.15.attn_v.weight,896x128,Q4_0,114688,64512
blk.16.attn_norm.weight,896,F32,896,3584
blk.16.ffn_down.weight,4864x896,Q4_0,4358144,2451456
blk.16.ffn_gate.weight,896x4864,Q4_0,4358144,2451456
blk.16.ffn_up.weight,896x4864,Q4_0,4358144,2451456
blk.16.ffn_norm.weight,896,F32,896,3584
blk.16.attn_k.bias,128,F32,128,512
blk.16.attn_k.weight,896x128,Q4_0,114688,64512
blk.16.attn_output.weight,896x896,Q4_0,802816,451584
blk.16.attn_q.bias,896,F32,896,3584
blk.16.attn_q.weight,896x896,Q4_0,802816,451584
blk.16.attn_v.bias,128,F32,128,512
blk.16.attn_v.weight,896x128,Q4_0,114688,64512
blk.17.attn_norm.weight,896,F32,896,3584
blk.17.ffn_down.weight,4864x896,Q4_0,4358144,2451456
blk.17.ffn_gate.weight,896x4864,Q4_0,4358144,2451456
blk.17.ffn_up.weight,896x4864,Q4_0,4358144,2451456
blk.17.ffn_norm.weight,896,F32,896,3584
blk.17.attn_k.bias,128,F32,128,512
blk.17.attn_k.weight,896x128,Q4_0,114688,64512
blk.17.attn_output.weight,896x896,Q4_0,802816,451584
blk.17.attn_q.bias,896,F32,896,3584
blk.17.attn_q.weight,896x896,Q4_0,802816,451584
blk.17.attn_v.bias,128,F32,128,512
blk.17.attn_v.weight,896x128,Q4_0,114688,64512
blk.18.attn_norm.weight,896,F32,896,3584
blk.18.ffn_down.weight,4864x896,Q4_0,4358144,2451456
blk.18.ffn_gate.weight,896x4864,Q4_0,4358144,2451456
blk.18.ffn_up.weight,896x4864,Q4_0,4358144,2451456
blk.18.ffn_norm.weight,896,F32,896,3584
blk.18.attn_k.bias,128,F32,128,512
blk.18.attn_k.weight,896x128,Q4_0,114688,64512
blk.18.attn_output.weight,896x896,Q4_0,802816,451584
blk.18.attn_q.bias,896,F32,896,3584
blk.18.attn_q.weight,896x896,Q4_0,802816,451584
blk.18.attn_v.bias,128,F32,128,512
blk.18.attn_v.weight,896x128,Q4_0,114688,64512
blk.19.attn_norm.weight,896,F32,896,3584
blk.19.ffn_down.weight,4864x896,Q4_0,4358144,2451456
blk.19.ffn_gate.weight,896x4864,Q4_0,4358144,2451456
blk.19.ffn_up.weight,896x4864,Q4_0,4358144,2451456
blk.19.ffn_norm.weight,896,F32,896,3584
blk.19.attn_k.bias,128,F32,128,512
blk.19.attn_k.weight,896x128,Q4_0,114688,64512
blk.19.attn_output.weight,896x896,Q4_0,802816,451584
blk.19.attn_q.bias,896,F32,896,3584
blk.19.attn_q.weight,896x896,Q4_0,802816,451584
blk.19.attn_v.bias,128,F32,128,512
blk.19.attn_v.weight,896x128,Q4_0,114688,64512
blk.2.attn_norm.weight,896,F32,896,3584
blk.2.ffn_down.weight,4864x896,Q4_0,4358144,2451456
blk.2.ffn_gate.weight,896x4864,Q4_0,4358144,2451456
blk.2.ffn_up.weight,896x4864,Q4_0,4358144,2451456
blk.2.ffn_norm.weight,896,F32,896,3584
blk.2.attn_k.bias,128,F32,128,512
blk.2.attn_k.weight,896x128,Q4_0,114688,64512
blk.2.attn_output.weight,896x896,Q4_0,802816,451584
blk.2.attn_q.bias,896,F32,896,3584
blk.2.attn_q.weight,896x896,Q4_0,802816,451584
blk.2.attn_v.bias,128,F32,128,512
blk.2.attn_v.weight,896x128,Q4_0,114688,64512
blk.20.attn_norm.weight,896,F32,896,3584
blk.20.ffn_down.weight,4864x896,Q4_0,4358144,2451456
blk.20.ffn_gate.weight,896x4864,Q4_0,4358144,2451456
blk.20.ffn_up.weight,896x4864,Q4_0,4358144,2451456
blk.20.ffn_norm.weight,896,F32,896,3584
blk.20.attn_k.bias,128,F32,128,512
blk.20.attn_k.weight,896x128,Q4_0,114688,64512
blk.20.attn_output.weight,896x896,Q4_0,802816,451584
blk.20.attn_q.bias,896,F32,896,3584
blk.20.attn_q.weight,896x896,Q4_0,802816,451584
blk.20.attn_v.bias,128,F32,128,512
blk.20.attn_v.weight,896x128,Q4_0,114688,64512
blk.21.attn_norm.weight,896,F32,896,3584
blk.21.ffn_down.weight,4864x896,Q4_0,4358144,2451456
blk.21.ffn_gate.weight,896x4864,Q4_0,4358144,2451456
blk.21.ffn_up.weight,896x4864,Q4_0,4358144,2451456
blk.21.ffn_norm.weight,896,F32,896,3584
blk.21.attn_k.bias,128,F32,128,512
blk.21.attn_k.weight,896x128,Q4_0,114688,64512
blk.21.attn_output.weight,896x896,Q4_0,802816,451584
blk.21.attn_q.bias,896,F32,896,3584
blk.21.attn_q.weight,896x896,Q4_0,802816,451584
blk.21.attn_v.bias,128,F32,128,512
blk.21.attn_v.weight,896x128,Q4_0,114688,64512
blk.22.attn_norm.weight,896,F32,896,3584
blk.22.ffn_down.weight,4864x896,Q4_0,4358144,2451456
blk.22.ffn_gate.weight,896x4864,Q4_0,4358144,2451456
blk.22.ffn_up.weight,896x4864,Q4_0,4358144,2451456
blk.22.ffn_norm.weight,896,F32,896,3584
blk.22.attn_k.bias,128,F32,128,512
blk.22.attn_k.weight,896x128,Q4_0,114688,64512
blk.22.attn_output.weight,896x896,Q4_0,802816,451584
blk.22.attn_q.bias,896,F32,896,3584
blk.22.attn_q.weight,896x896,Q4_0,802816,451584
blk.22.attn_v.bias,128,F32,128,512
blk.22.attn_v.weight,896x128,Q4_0,114688,64512
blk.23.attn_norm.weight,896,F32,896,3584
blk.23.ffn_down.weight,4864x896,Q4_0,4358144,2451456
blk.23.ffn_gate.weight,896x4864,Q4_0,4358144,2451456
blk.23.ffn_up.weight,896x4864,Q4_0,4358144,2451456
blk.23.ffn_norm.weight,896,F32,896,3584
blk.23.attn_k.bias,128,F32,128,512
blk.23.attn_k.weight,896x128,Q4_0,114688,64512
blk.23.attn_output.weight,896x896,Q4_0,802816,451584
blk.23.attn_q.bias,896,F32,896,3584
blk.23.attn_q.weight,896x896,Q4_0,802816,451584
blk.23.attn_v.bias,128,F32,128,512
blk.23.attn_v.weight,896x128,Q4_0,114688,64512
blk.3.attn_norm.weight,896,F32,896,3584
blk.3.ffn_down.weight,4864x896,Q4_0,4358144,2451456
blk.3.ffn_gate.weight,896x4864,Q4_0,4358144,2451456
blk.3.ffn_up.weight,896x4864,Q4_0,4358144,2451456
blk.3.ffn_norm.weight,896,F32,896,3584
blk.3.attn_k.bias,128,F32,128,512
blk.3.attn_k.weight,896x128,Q4_0,114688,64512
blk.3.attn_output.weight,896x896,Q4_0,802816,451584
blk.3.attn_q.bias,896,F32,896,3584
blk.3.attn_q.weight,896x896,Q4_0,802816,451584
blk.3.attn_v.bias,128,F32,128,512
blk.3.attn_v.weight,896x128,Q4_0,114688,64512
blk.4.attn_norm.weight,896,F32,896,3584
blk.4.ffn_down.weight,4864x896,Q4_0,4358144,2451456
blk.4.ffn_gate.weight,896x4864,Q4_0,4358144,2451456
blk.4.ffn_up.weight,896x4864,Q4_0,4358144,2451456
blk.4.ffn_norm.weight,896,F32,896,3584
blk.4.attn_k.bias,128,F32,128,512
blk.4.attn_k.weight,896x128,Q4_0,114688,64512
blk.4.attn_output.weight,896x896,Q4_0,802816,451584
blk.4.attn_q.bias,896,F32,896,3584
blk.4.attn_q.weight,896x896,Q4_0,802816,451584
blk.4.attn_v.bias,128,F32,128,512
blk.4.attn_v.weight,896x128,Q4_0,114688,64512
blk.5.attn_norm.weight,896,F32,896,3584
blk.5.ffn_down.weight,4864x896,Q4_0,4358144,2451456
blk.5.ffn_gate.weight,896x4864,Q4_0,4358144,2451456
blk.5.ffn_up.weight,896x4864,Q4_0,4358144,2451456
blk.5.ffn_norm.weight,896,F32,896,3584
blk.5.attn_k.bias,128,F32,128,512
blk.5.attn_k.weight,896x128,Q4_0,114688,64512
blk.5.attn_output.weight,896x896,Q4_0,802816,451584
blk.5.attn_q.bias,896,F32,896,3584
blk.5.attn_q.weight,896x896,Q4_0,802816,451584
blk.5.attn_v.bias,128,F32,128,512
blk.5.attn_v.weight,896x128,Q4_0,114688,64512
blk.6.attn_norm.weight,896,F32,896,3584
blk.6.ffn_down.weight,4864x896,Q4_0,4358144,2451456
blk.6.ffn_gate.weight,896x4864,Q4_0,4358144,2451456
blk.6.ffn_up.weight,896x4864,Q4_0,4358144,2451456
blk.6.ffn_norm.weight,896,F32,896,3584
blk.6.attn_k.bias,128,F32,128,512
blk.6.attn_k.weight,896x128,Q4_0,114688,64512
blk.6.attn_output.weight,896x896,Q4_0,802816,451584
blk.6.attn_q.bias,896,F32,896,3584
blk.6.attn_q.weight,896x896,Q4_0,802816,451584
blk.6.attn_v.bias,128,F32,128,512
blk.6.attn_v.weight,896x128,Q4_0,114688,64512
blk.7.attn_norm.weight,896,F32,896,3584
blk.7.ffn_down.weight,4864x896,Q4_0,4358144,2451456
blk.7.ffn_gate.weight,896x4864,Q4_0,4358144,2451456
blk.7.ffn_up.weight,896x4864,Q4_0,4358144,2451456
blk.7.ffn_norm.weight,896,F32,896,3584
blk.7.attn_k.bias,128,F32,128,512
blk.7.attn_k.weight,896x128,Q4_0,114688,64512
blk.7.attn_output.weight,896x896,Q4_0,802816,451584
blk.7.attn_q.bias,896,F32,896,3584
blk.7.attn_q.weight,896x896,Q4_0,802816,451584
blk.7.attn_v.bias,128,F32,128,512
blk.7.attn_v.weight,896x128,Q4_0,114688,64512
blk.8.attn_norm.weight,896,F32,896,3584
blk.8.ffn_down.weight,4864x896,Q4_0,4358144,2451456
blk.8.ffn_gate.weight,896x4864,Q4_0,4358144,2451456
blk.8.ffn_up.weight,896x4864,Q4_0,4358144,2451456
blk.8.ffn_norm.weight,896,F32,896,3584
blk.8.attn_k.bias,128,F32,128,512
blk.8.attn_k.weight,896x128,Q4_0,114688,64512
blk.8.attn_output.weight,896x896,Q4_0,802816,451584
blk.8.attn_q.bias,896,F32,896,3584
blk.8.attn_q.weight,896x896,Q4_0,802816,451584
blk.8.attn_v.bias,128,F32,128,512
blk.8.attn_v.weight,896x128,Q4_0,114688,64512
blk.9.attn_norm.weight,896,F32,896,3584
blk.9.ffn_down.weight,4864x896,Q4_0,4358144,2451456
blk.9.ffn_gate.weight,896x4864,Q4_0,4358144,2451456
blk.9.ffn_up.weight,896x4864,Q4_0,4358144,2451456
blk.9.ffn_norm.weight,896,F32,896,3584
blk.9.attn_k.bias,128,F32,128,512
blk.9.attn_k.weight,896x128,Q4_0,114688,64512
blk.9.attn_output.weight,896x896,Q4_0,802816,451584
blk.9.attn_q.bias,896,F32,896,3584
blk.9.attn_q.weight,896x896,Q4_0,802816,451584
blk.9.attn_v.bias,128,F32,128,512
blk.9.attn_v.weight,896x128,Q4_0,114688,64512
output_norm.weight,896,F32,896,3584
