quant,mode,vlen,phase,rank,symbol,instructions,fraction,vector
q4_0,scalar,128,prefill,1,ggml_vec_dot_q4_0_q8_0_generic,65919032832,0.9655076069843813,0
q4_0,scalar,128,prefill,2,ggml_vec_dot_q8_0_q8_0_generic,1031189632,0.01510370208975679,0
q4_0,scalar,128,prefill,3,_ZL49ggml_compute_forward_flash_attn_ext_f16_one_chunkPK19ggml_compute_paramsP11ggml_tensoriillPfl,483002635,0.007074477556042316,0
q4_0,scalar,128,prefill,4,ggml_compute_forward_mul_mat,196823516,0.002882848758047326,0
q4_0,scalar,128,prefill,5,quantize_row_q8_0_ref,168852240,0.002473157071218609,0
q4_0,scalar,128,prefill,6,ggml_vec_dot_f16,160554240,0.002351617331047131,0
q4_0,scalar,128,prefill,7,__ieee754_expf,135158784,0.0019796533489097245,0
q4_0,scalar,128,prefill,8,ggml_vec_swiglu_f32,46619672,0.0006828323477656689,0
q4_0,scalar,128,prefill,9,__memcpy_noalignment,41239015,0.0006040225557999129,0
q4_0,scalar,128,prefill,10,ggml_cpu_fp32_to_fp16,24060001,0.0003524037442836222,0
q4_0,scalar,128,prefill,11,ggml_compute_forward_rms_norm_mul_fused,20293121,0.0002972307367568523,0
q4_0,scalar,128,prefill,12,ggml_compute_forward_add_non_quantized,17856354,0.00026153972349601454,0
q4_0,scalar,128,prefill,13,ggml_vec_dot_q4_0_q8_0,9402752,0.00013772090081668397,0
q4_0,scalar,128,prefill,14,_Z29ggml_compute_forward_rope_fltIfEvPK19ggml_compute_paramsP11ggml_tensorb,7685616,0.00011257023038054384,0
q4_0,scalar,128,prefill,15,[unknown],1832025,2.68334348623345e-05,0
q4_0,scalar,128,prefill,16,__sincosf,1763856,2.583497227523526e-05,0
q4_0,scalar,128,prefill,17,llama_sampler_sample,1215613,1.780492747277304e-05,0
q4_0,scalar,128,prefill,18,_ZNSt6vectorI16llama_token_dataSaIS0_EE17_M_default_appendEm,1215565,1.7804224422938354e-05,0
q4_0,scalar,128,prefill,19,ggml_is_contiguous,1176822,1.7236760678245225e-05,0
q4_0,scalar,128,prefill,20,_ZL26llama_sampler_greedy_applyP13llama_samplerP22llama_token_data_array,911632,1.3352556810316303e-05,0
q4_0,scalar,128,decode,1,ggml_vec_dot_q4_0_q8_0_generic,32033157120,0.6584458188253413,0
q4_0,scalar,128,decode,2,ggml_vec_dot_q8_0_q8_0_generic,15467844480,0.3179436071800042,0
q4_0,scalar,128,decode,3,_ZL49ggml_compute_forward_flash_attn_ext_f16_one_chunkPK19ggml_compute_paramsP11ggml_tensoriillPfl,493726986,0.010148624075831891,0
q4_0,scalar,128,decode,4,ggml_vec_dot_f16,182448000,0.00375024298426211,0
q4_0,scalar,128,decode,5,ggml_compute_forward_mul_mat,161395680,0.003317509737625036,0
q4_0,scalar,128,decode,6,quantize_row_q8_0_ref,81567320,0.001676627146228309,0
q4_0,scalar,128,decode,7,__ieee754_expf,70164000,0.001442230382069229,0
q4_0,scalar,128,decode,8,__memcpy_noalignment,31558590,0.000648691028351664,0
q4_0,scalar,128,decode,9,ggml_vec_swiglu_f32,22772160,0.0004680847873174507,0
q4_0,scalar,128,decode,10,llama_sampler_sample,18234195,0.00037480631123617273,0
q4_0,scalar,128,decode,11,_ZNSt6vectorI16llama_token_dataSaIS0_EE17_M_default_appendEm,18233475,0.00037479151154010224,0
q4_0,scalar,128,decode,12,_ZL26llama_sampler_greedy_applyP13llama_samplerP22llama_token_data_array,13674454,0.00028108022656929616,0
q4_0,scalar,128,decode,13,ggml_cpu_fp32_to_fp16,11278117,0.00023182319978808886,0
q4_0,scalar,128,decode,14,ggml_compute_forward_rms_norm_mul_fused,10009965,0.00020575616621700031,0
q4_0,scalar,128,decode,15,ggml_compute_forward_add_non_quantized,8763120,0.0001801271008739311,0
q4_0,scalar,128,decode,16,ggml_vec_dot_q4_0_q8_0,4561920,9.377087430262324e-05,0
q4_0,scalar,128,decode,17,_Z29ggml_compute_forward_rope_fltIfEvPK19ggml_compute_paramsP11ggml_tensorb,3795840,7.802399768362211e-05,0
q4_0,scalar,128,decode,18,ggml_is_contiguous,3043740,6.256448182998966e-05,0
q4_0,scalar,128,decode,19,ggml_vec_dot_q8_0_q8_0,2279040,4.6845971295123645e-05,0
q4_0,scalar,128,decode,20,ggml_row_size,1491555,3.065911204502692e-05,0
q4_0,rvv,128,prefill,1,ggml_vec_dot_q4_0_q8_0,10477056896,0.936370530413235,4851055360
q4_0,rvv,128,prefill,2,ggml_compute_forward_mul_mat,208852475,0.01866586243972106,7166016
q4_0,rvv,128,prefill,3,_ZL49ggml_compute_forward_flash_attn_ext_f16_one_chunkPK19ggml_compute_paramsP11ggml_tensoriillPfl,196181864,0.017533446451099347,118303488
q4_0,rvv,128,prefill,4,ggml_vec_dot_f16,131814144,0.011780682414769483,102187008
q4_0,rvv,128,prefill,5,ggml_vec_dot_q8_0_q8_0,99973888,0.008935009465279644,34337536
q4_0,rvv,128,prefill,6,ggml_vec_swiglu_f32,16593555,0.0014830229568308711,12994784
q4_0,rvv,128,prefill,7,ggml_compute_forward_rms_norm_mul_fused,12905467,0.0011534058753307071,8096403
q4_0,rvv,128,prefill,8,quantize_row_q8_0,10242504,0.0009154077331489259,2643308
q4_0,rvv,128,prefill,9,ggml_cpu_fp32_to_fp16,8073216,0.0007215310199323953,6328320
q4_0,rvv,128,prefill,10,ggml_compute_forward_add_non_quantized,6403188,0.0005722748862979604,2756800
q4_0,rvv,128,prefill,11,__ieee754_expf,6107136,0.000545815703053882,0
q4_0,rvv,128,prefill,12,_Z29ggml_compute_forward_rope_fltIfEvPK19ggml_compute_paramsP11ggml_tensorb,4250736,0.00037990286417994396,983904
q4_0,rvv,128,prefill,13,__sincosf,1763856,0.00015764186399742992,0
q4_0,rvv,128,prefill,14,llama_sampler_sample,1215614,0.00010864359497678482,3
q4_0,rvv,128,prefill,15,_ZNSt6vectorI16llama_token_dataSaIS0_EE17_M_default_appendEm,1215567,0.00010863939442548818,3
q4_0,rvv,128,prefill,16,ggml_is_contiguous,1176822,0.00010517662080871877,0
q4_0,rvv,128,prefill,17,_ZL26llama_sampler_greedy_applyP13llama_samplerP22llama_token_data_array,911634,8.14758591650526e-05,0
q4_0,rvv,128,prefill,18,memset,769170,6.874336257092595e-05,0
q4_0,rvv,128,prefill,19,ggml_row_size,520299,4.6500907214647215e-05,0
q4_0,rvv,128,prefill,20,ggml_backend_sched_split_graph,389503,3.4811219823268416e-05,26
q4_0,rvv,128,decode,1,ggml_vec_dot_q4_0_q8_0,5091240960,0.7072846425750422,2357360640
q4_0,rvv,128,decode,2,ggml_vec_dot_q8_0_q8_0,1499608320,0.20832837081310712,515063040
q4_0,rvv,128,decode,3,_ZL49ggml_compute_forward_flash_attn_ext_f16_one_chunkPK19ggml_compute_paramsP11ggml_tensoriillPfl,184508130,0.0256322118329358,128162790
q4_0,rvv,128,decode,4,ggml_compute_forward_mul_mat,170190360,0.023643160653373938,5130720
q4_0,rvv,128,decode,5,ggml_vec_dot_f16,149788800,0.02080893807661079,116121600
q4_0,rvv,128,decode,6,llama_sampler_sample,18234210,0.0025331302925580366,45
q4_0,rvv,128,decode,7,_ZNSt6vectorI16llama_token_dataSaIS0_EE17_M_default_appendEm,18233505,0.0025330323526496857,45
q4_0,rvv,128,decode,8,_ZL26llama_sampler_greedy_applyP13llama_samplerP22llama_token_data_array,13674450,0.0018996799712776285,0
q4_0,rvv,128,decode,9,ggml_vec_swiglu_f32,8105400,0.0011260172101396173,6347520
q4_0,rvv,128,decode,10,__ieee754_expf,7126560,0.000990034940791644,0
q4_0,rvv,128,decode,11,ggml_compute_forward_rms_norm_mul_fused,6415785,0.0008912927587232715,3953565
q4_0,rvv,128,decode,12,quantize_row_q8_0,4947300,0.0006872880972837527,1276890
q4_0,rvv,128,decode,13,_ZL34ggml_backend_cpu_buffer_get_tensorP19ggml_backend_bufferPK11ggml_tensorPvmm,3988380,0.0005540731513036552,1709280
q4_0,rvv,128,decode,14,ggml_cpu_fp32_to_fp16,3784320,0.0005257247574056255,2966400
q4_0,rvv,128,decode,15,ggml_compute_forward_add_non_quantized,3269160,0.0004541577741629076,1324800
q4_0,rvv,128,decode,16,ggml_is_contiguous,3043740,0.0004228420094246254,0
q4_0,rvv,128,decode,17,_Z29ggml_compute_forward_rope_fltIfEvPK19ggml_compute_paramsP11ggml_tensorb,2180160,0.00030287187317812667,473760
q4_0,rvv,128,decode,18,ggml_row_size,1491555,0.00020720958865321846,0
q4_0,rvv,128,decode,19,__sincosf,913680,0.00012693012122293355,0
q4_0,rvv,128,decode,20,ggml_graph_plan,650205,9.032768526153304e-05,180
q4_0,rvv,256,prefill,1,ggml_vec_dot_q4_0_q8_0,10477056896,0.9504378071460767,4851055360
q4_0,rvv,256,prefill,2,ggml_compute_forward_mul_mat,200492123,0.01818786474347896,3583008
q4_0,rvv,256,prefill,3,_ZL49ggml_compute_forward_flash_attn_ext_f16_one_chunkPK19ggml_compute_paramsP11ggml_tensoriillPfl,126942632,0.011515741299209166,60334272
q4_0,rvv,256,prefill,4,ggml_vec_dot_q8_0_q8_0,99973888,0.009069241851579946,34337536
q4_0,rvv,256,prefill,5,ggml_vec_dot_f16,66528000,0.006035161120290837,51093504
q4_0,rvv,256,prefill,6,quantize_row_q8_0,10242504,0.0009291600816982831,2643308
q4_0,rvv,256,prefill,7,ggml_vec_swiglu_f32,8303779,0.0007532864985011953,6497392
q4_0,rvv,256,prefill,8,ggml_compute_forward_rms_norm_mul_fused,6495931,0.0005892855671490497,4048275
q4_0,rvv,256,prefill,9,__ieee754_expf,6107136,0.0005540155985980114,0
q4_0,rvv,256,prefill,10,ggml_cpu_fp32_to_fp16,4202496,0.00038123407388434584,3231744
q4_0,rvv,256,prefill,11,ggml_compute_forward_add_non_quantized,3370708,0.00030577750525272494,1378400
q4_0,rvv,256,prefill,12,_Z29ggml_compute_forward_rope_fltIfEvPK19ggml_compute_paramsP11ggml_tensorb,3316848,0.0003008915357671119,492384
q4_0,rvv,256,prefill,13,__sincosf,1763856,0.0001600101484035551,0
q4_0,rvv,256,prefill,14,llama_sampler_sample,1215614,0.00011027576885042726,3
q4_0,rvv,256,prefill,15,_ZNSt6vectorI16llama_token_dataSaIS0_EE17_M_default_appendEm,1215567,0.00011027150519343091,3
q4_0,rvv,256,prefill,16,ggml_is_contiguous,1176822,0.00010675670965462516,0
q4_0,rvv,256,prefill,17,_ZL26llama_sampler_greedy_applyP13llama_samplerP22llama_token_data_array,911634,8.269988685568808e-05,0
q4_0,rvv,256,prefill,18,memset,769170,6.977610748698447e-05,0
q4_0,rvv,256,prefill,19,ggml_row_size,520299,4.719949939463387e-05,0
q4_0,rvv,256,prefill,20,ggml_backend_sched_split_graph,389482,3.533229051607016e-05,17
q4_0,rvv,256,decode,1,ggml_vec_dot_q4_0_q8_0,5091240960,0.7241866972770661,2357360640
q4_0,rvv,256,decode,2,ggml_vec_dot_q8_0_q8_0,1499608320,0.21330681556859757,515063040
q4_0,rvv,256,decode,3,ggml_compute_forward_mul_mat,164204520,0.0233567277508637,2565360
q4_0,rvv,256,decode,4,_ZL49ggml_compute_forward_flash_attn_ext_f16_one_chunkPK19ggml_compute_paramsP11ggml_tensoriillPfl,109744770,0.015610281099272748,65409750
q4_0,rvv,256,decode,5,ggml_vec_dot_f16,75600000,0.010753471451122635,58060800
q4_0,rvv,256,decode,6,llama_sampler_sample,18234210,0.0025936647707509902,45
q4_0,rvv,256,decode,7,_ZNSt6vectorI16llama_token_dataSaIS0_EE17_M_default_appendEm,18233505,0.0025935644903624577,45
q4_0,rvv,256,decode,8,_ZL26llama_sampler_greedy_applyP13llama_samplerP22llama_token_data_array,13674450,0.001945076821227565,0
q4_0,rvv,256,decode,9,__ieee754_expf,7126560,0.0010136939087924937,0
q4_0,rvv,256,decode,10,quantize_row_q8_0,4947300,0.0007037122924621563,1276890
q4_0,rvv,256,decode,11,ggml_vec_swiglu_f32,4056120,0.0005769493468561844,3173760
q4_0,rvv,256,decode,12,ggml_compute_forward_rms_norm_mul_fused,3287625,0.0004676373224801197,1977885
q4_0,rvv,256,decode,13,ggml_is_contiguous,3043740,0.00043294670892380966,0
q4_0,rvv,256,decode,14,_ZL34ggml_backend_cpu_buffer_get_tensorP19ggml_backend_bufferPK11ggml_tensorPvmm,1994220,0.00028366121477854206,854640
q4_0,rvv,256,decode,15,ggml_cpu_fp32_to_fp16,1969920,0.0002802047418121098,1514880
q4_0,rvv,256,decode,16,ggml_compute_forward_add_non_quantized,1811880,0.0002577248657785725,662400
q4_0,rvv,256,decode,17,_Z29ggml_compute_forward_rope_fltIfEvPK19ggml_compute_paramsP11ggml_tensorb,1742400,0.0002478419134449217,243360
q4_0,rvv,256,decode,18,ggml_row_size,1491555,0.00021216129775501616,0
q4_0,rvv,256,decode,19,__sincosf,913680,0.00012996338353785355,0
q4_0,rvv,256,decode,20,ggml_graph_plan,649995,9.245638460148752e-05,90
q4_0,rvv,512,prefill,1,ggml_vec_dot_q4_0_q8_0,10477056896,0.9576268552087631,4851055360
q4_0,rvv,512,prefill,2,ggml_compute_forward_mul_mat,196311947,0.01794335893291682,1791504
q4_0,rvv,512,prefill,3,ggml_vec_dot_q8_0_q8_0,99973888,0.009137840990916492,34337536
q4_0,rvv,512,prefill,4,_ZL49ggml_compute_forward_flash_attn_ext_f16_one_chunkPK19ggml_compute_paramsP11ggml_tensoriillPfl,92371400,0.008442956277826702,31371168
q4_0,rvv,512,prefill,5,ggml_vec_dot_f16,33884928,0.003097159570833676,25546752
q4_0,rvv,512,prefill,6,quantize_row_q8_0,10242504,0.0009361881864675117,2643308
q4_0,rvv,512,prefill,7,__ieee754_expf,6107136,0.0005582061355651366,0
q4_0,rvv,512,prefill,8,ggml_vec_swiglu_f32,4158891,0.0003801321066612282,3248696
q4_0,rvv,512,prefill,9,ggml_compute_forward_rms_norm_mul_fused,3291163,0.00030081979175590023,2024211
q4_0,rvv,512,prefill,10,_Z29ggml_compute_forward_rope_fltIfEvPK19ggml_compute_paramsP11ggml_tensorb,2849904,0.00026048771446577,246624
q4_0,rvv,512,prefill,11,ggml_cpu_fp32_to_fp16,2267136,0.0002072213923778022,1683456
q4_0,rvv,512,prefill,12,ggml_compute_forward_add_non_quantized,1854468,0.00016950259758571082,689200
q4_0,rvv,512,prefill,13,__sincosf,1763856,0.00016122045447381219,0
q4_0,rvv,512,prefill,14,llama_sampler_sample,1215614,0.00011110988739711674,3
q4_0,rvv,512,prefill,15,_ZNSt6vectorI16llama_token_dataSaIS0_EE17_M_default_appendEm,1215567,0.00011110559149010376,3
q4_0,rvv,512,prefill,16,ggml_is_contiguous,1176822,0.00010756421027270969,0
q4_0,rvv,512,prefill,17,_ZL26llama_sampler_greedy_applyP13llama_samplerP22llama_token_data_array,911634,8.332542327365687e-05,0
q4_0,rvv,512,prefill,18,memset,769170,7.030388930140676e-05,0
q4_0,rvv,512,prefill,19,ggml_row_size,520299,4.75565132540695e-05,0
q4_0,rvv,512,prefill,20,ggml_backend_sched_split_graph,389475,3.5598901784606e-05,14
q4_0,rvv,512,decode,1,ggml_vec_dot_q4_0_q8_0,5091240960,0.7329418889654247,2357360640
q4_0,rvv,512,decode,2,ggml_vec_dot_q8_0_q8_0,1499608320,0.2158856285539208,515063040
q4_0,rvv,512,decode,3,ggml_compute_forward_mul_mat,161211600,0.023208238532701164,1282680
q4_0,rvv,512,decode,4,_ZL49ggml_compute_forward_flash_attn_ext_f16_one_chunkPK19ggml_compute_paramsP11ggml_tensoriillPfl,72385770,0.01042075270348563,34043310
q4_0,rvv,512,decode,5,ggml_vec_dot_f16,38505600,0.0055433179104033324,29030400
q4_0,rvv,512,decode,6,llama_sampler_sample,18234210,0.0026250213702696634,45
q4_0,rvv,512,decode,7,_ZNSt6vectorI16llama_token_dataSaIS0_EE17_M_default_appendEm,18233505,0.002624919877522457,45
q4_0,rvv,512,decode,8,_ZL26llama_sampler_greedy_applyP13llama_samplerP22llama_token_data_array,13674450,0.0019685921943799044,0
q4_0,rvv,512,decode,9,__ieee754_expf,7126560,0.0010259491525275277,0
q4_0,rvv,512,decode,10,quantize_row_q8_0,4947300,0.0007122199549711836,1276890
q4_0,rvv,512,decode,11,ggml_is_contiguous,3043740,0.0004381808998330383,0
q4_0,rvv,512,decode,12,ggml_vec_swiglu_f32,2031480,0.0002924545902057405,1586880
q4_0,rvv,512,decode,13,ggml_compute_forward_rms_norm_mul_fused,1723545,0.00024812385387803625,990045
q4_0,rvv,512,decode,14,_Z29ggml_compute_forward_rope_fltIfEvPK19ggml_compute_paramsP11ggml_tensorb,1523520,0.0002193279861333854,128160
q4_0,rvv,512,decode,15,ggml_row_size,1491555,0.00021472626178663994,0
q4_0,rvv,512,decode,16,ggml_compute_forward_add_non_quantized,1083240,0.00015594468579285367,331200
q4_0,rvv,512,decode,17,ggml_cpu_fp32_to_fp16,1062720,0.0001529905990230987,789120
q4_0,rvv,512,decode,18,_ZL34ggml_backend_cpu_buffer_get_tensorP19ggml_backend_bufferPK11ggml_tensorPvmm,997140,0.0001435496141127415,427320
q4_0,rvv,512,decode,19,__sincosf,913680,0.00013153460037961534,0
q4_0,rvv,512,decode,20,ggml_graph_plan,649890,9.355903756316021e-05,45
q4_0,rvv,1024,prefill,1,ggml_vec_dot_q4_0_q8_0,10477056896,0.9610780089864925,4851055360
q4_0,rvv,1024,prefill,2,ggml_compute_forward_mul_mat,196311947,0.01800802429879463,1791504
q4_0,rvv,1024,prefill,3,ggml_vec_dot_q8_0_q8_0,99973888,0.009170772496841331,34337536
q4_0,rvv,1024,prefill,4,_ZL49ggml_compute_forward_flash_attn_ext_f16_one_chunkPK19ggml_compute_paramsP11ggml_tensoriillPfl,75085784,0.006887744956072618,16889616
q4_0,rvv,1024,prefill,5,ggml_vec_dot_f16,17563392,0.0016111194185510025,12773376
q4_0,rvv,1024,prefill,6,quantize_row_q8_0,10242504,0.0009395620782697509,2643308
q4_0,rvv,1024,prefill,7,__ieee754_expf,6107136,0.0005602178327131738,0
q4_0,rvv,1024,prefill,8,_Z29ggml_compute_forward_rope_fltIfEvPK19ggml_compute_paramsP11ggml_tensorb,2616432,0.00024000969758678943,123744
q4_0,rvv,1024,prefill,9,ggml_vec_swiglu_f32,2086447,0.0001913932842515548,1624348
q4_0,rvv,1024,prefill,10,__sincosf,1763856,0.0001618014705318709,0
q4_0,rvv,1024,prefill,11,ggml_compute_forward_rms_norm_mul_fused,1688779,0.00015491453134685736,1012179
q4_0,rvv,1024,prefill,12,ggml_cpu_fp32_to_fp16,1299456,0.00011920127929460388,909312
q4_0,rvv,1024,prefill,13,llama_sampler_sample,1215614,0.00011151031195240978,3
q4_0,rvv,1024,prefill,14,_ZNSt6vectorI16llama_token_dataSaIS0_EE17_M_default_appendEm,1215567,0.00011150600056354641,3
q4_0,rvv,1024,prefill,15,ggml_is_contiguous,1176822,0.0001079518567016,0
q4_0,rvv,1024,prefill,16,ggml_compute_forward_add_non_quantized,1096348,0.00010056984165072182,344600
q4_0,rvv,1024,prefill,17,_ZL26llama_sampler_greedy_applyP13llama_samplerP22llama_token_data_array,911634,8.36257164909446e-05,0
q4_0,rvv,1024,prefill,18,memset,769170,7.055725472430808e-05,0
q4_0,rvv,1024,prefill,19,ggml_row_size,520299,4.7727900302667506e-05,0
q4_0,rvv,1024,prefill,20,ggml_backend_sched_split_graph,389468,3.572655314555536e-05,11
q4_0,rvv,1024,decode,1,ggml_vec_dot_q4_0_q8_0,5091240960,0.7372395466364215,2357360640
q4_0,rvv,1024,decode,2,ggml_vec_dot_q8_0_q8_0,1499608320,0.21715148951995503,515063040
q4_0,rvv,1024,decode,3,ggml_compute_forward_mul_mat,161211600,0.02334432171454956,1282680
q4_0,rvv,1024,decode,4,_ZL49ggml_compute_forward_flash_attn_ext_f16_one_chunkPK19ggml_compute_paramsP11ggml_tensoriillPfl,53706270,0.007776961738289686,18360090
q4_0,rvv,1024,decode,5,ggml_vec_dot_f16,19958400,0.0028900855180871965,14515200
q4_0,rvv,1024,decode,6,llama_sampler_sample,18234210,0.002640413372552947,45
q4_0,rvv,1024,decode,7,_ZNSt6vectorI16llama_token_dataSaIS0_EE17_M_default_appendEm,18233505,0.0026403112846956917,45
q4_0,rvv,1024,decode,8,_ZL26llama_sampler_greedy_applyP13llama_samplerP22llama_token_data_array,13674450,0.001980135176808134,0
q4_0,rvv,1024,decode,9,__ieee754_expf,7126560,0.001031964879438206,0
q4_0,rvv,1024,decode,10,quantize_row_q8_0,4947300,0.0007163961080864593,1276890
q4_0,rvv,1024,decode,11,ggml_is_contiguous,3043740,0.0004407502051678854,0
q4_0,rvv,1024,decode,12,ggml_row_size,1491555,0.0002159853247219491,0
q4_0,rvv,1024,decode,13,_Z29ggml_compute_forward_rope_fltIfEvPK19ggml_compute_paramsP11ggml_tensorb,1414080,0.00020476652083417223,70560
q4_0,rvv,1024,decode,14,ggml_vec_swiglu_f32,1019160,0.00014757994411444543,793440
q4_0,rvv,1024,decode,15,ggml_compute_forward_rms_norm_mul_fused,941505,0.00013633507524183733,496125
q4_0,rvv,1024,decode,16,__sincosf,913680,0.00013230586300334244,0
q4_0,rvv,1024,decode,17,ggml_compute_forward_add_non_quantized,718920,0.00010410354941594754,165600
q4_0,rvv,1024,decode,18,ggml_graph_plan,649890,9.41076277331694e-05,45
q4_0,rvv,1024,decode,19,ggml_cpu_fp32_to_fp16,609120,8.820390866889497e-05,426240
q4_0,rvv,1024,decode,20,ggml_graph_compute_thread.isra.0,545310,7.89638715462226e-05,3675
q8_0,scalar,128,prefill,1,ggml_vec_dot_q8_0_q8_0_generic,84663510272,0.984598009558655,0
q8_0,scalar,128,prefill,2,_ZL49ggml_compute_forward_flash_attn_ext_f16_one_chunkPK19ggml_compute_paramsP11ggml_tensoriillPfl,483569291,0.005623690299075082,0
q8_0,scalar,128,prefill,3,ggml_compute_forward_mul_mat,196823516,0.002288967720158742,0
q8_0,scalar,128,prefill,4,quantize_row_q8_0_ref,168855513,0.0019637126014344993,0
q8_0,scalar,128,prefill,5,ggml_vec_dot_f16,160554240,0.0018671725826431202,0
q8_0,scalar,128,prefill,6,__ieee754_expf,135158784,0.0015718350121939082,0
q8_0,scalar,128,prefill,7,ggml_vec_swiglu_f32,46619672,0.0005421655221949614,0
q8_0,scalar,128,prefill,8,__memcpy_noalignment,41239015,0.0004795909353948446,0
q8_0,scalar,128,prefill,9,ggml_cpu_fp32_to_fp16,24059972,0.00027980650064153497,0
q8_0,scalar,128,prefill,10,ggml_compute_forward_rms_norm_mul_fused,20293121,0.00023599974156683336,0
q8_0,scalar,128,prefill,11,ggml_compute_forward_add_non_quantized,17856354,0.00020766125276274117,0
q8_0,scalar,128,prefill,12,ggml_vec_dot_q8_0_q8_0,9554688,0.00011111666356060873,0
q8_0,scalar,128,prefill,13,_Z29ggml_compute_forward_rope_fltIfEvPK19ggml_compute_paramsP11ggml_tensorb,7685616,8.938020868164732e-05,0
q8_0,scalar,128,prefill,14,[unknown],1832025,2.1305615166044586e-05,0
q8_0,scalar,128,prefill,15,__sincosf,1763856,2.0512840787826988e-05,0
q8_0,scalar,128,prefill,16,llama_sampler_sample,1215613,1.4137024750667135e-05,0
q8_0,scalar,128,prefill,17,_ZNSt6vectorI16llama_token_dataSaIS0_EE17_M_default_appendEm,1215565,1.4136466532559866e-05,0
q8_0,scalar,128,prefill,18,ggml_is_contiguous,1176822,1.3685903113186186e-05,0
q8_0,scalar,128,prefill,19,_ZL26llama_sampler_greedy_applyP13llama_samplerP22llama_token_data_array,911628,1.0601817847786407e-05,0
q8_0,scalar,128,prefill,20,memset,737640,8.578416763461813e-06,0
q8_0,scalar,128,decode,1,ggml_vec_dot_q8_0_q8_0_generic,56108976000,0.9799229997844031,0
q8_0,scalar,128,decode,2,_ZL49ggml_compute_forward_flash_attn_ext_f16_one_chunkPK19ggml_compute_paramsP11ggml_tensoriillPfl,494623998,0.008638429471347233,0
q8_0,scalar,128,decode,3,ggml_vec_dot_f16,182448000,0.0031863884214294834,0
q8_0,scalar,128,decode,4,ggml_compute_forward_mul_mat,161395680,0.002818717256537414,0
q8_0,scalar,128,decode,5,quantize_row_q8_0_ref,81570568,0.001424600507567232,0
q8_0,scalar,128,decode,6,__ieee754_expf,70164000,0.0012253889173966187,0
q8_0,scalar,128,decode,7,__memcpy_noalignment,31558590,0.0005511593756721931,0
q8_0,scalar,128,decode,8,ggml_vec_swiglu_f32,22772160,0.000397707549301388,0
q8_0,scalar,128,decode,9,llama_sampler_sample,18234195,0.00031845362964837864,0
q8_0,scalar,128,decode,10,_ZNSt6vectorI16llama_token_dataSaIS0_EE17_M_default_appendEm,18233475,0.00031844105510843613,0
q8_0,scalar,128,decode,11,_ZL26llama_sampler_greedy_applyP13llama_samplerP22llama_token_data_array,13674462,0.00023881953973777436,0
q8_0,scalar,128,decode,12,ggml_cpu_fp32_to_fp16,11278116,0.00019696822238631612,0
q8_0,scalar,128,decode,13,ggml_compute_forward_rms_norm_mul_fused,10009965,0.00017482042321600885,0
q8_0,scalar,128,decode,14,ggml_compute_forward_add_non_quantized,8763120,0.0001530447256401667,0
q8_0,scalar,128,decode,15,ggml_vec_dot_q8_0_q8_0,6840960,0.00011947489550700605,0
q8_0,scalar,128,decode,16,_Z29ggml_compute_forward_rope_fltIfEvPK19ggml_compute_paramsP11ggml_tensorb,3795840,6.629297457685967e-05,0
q8_0,scalar,128,decode,17,ggml_is_contiguous,3043740,5.315781972858993e-05,0
q8_0,scalar,128,decode,18,ggml_row_size,1491555,2.604946933879929e-05,0
q8_0,scalar,128,decode,19,[unknown],1308588,2.2854016769827922e-05,0
q8_0,scalar,128,decode,20,__sincosf,913680,1.595709118703242e-05,0
q8_0,rvv,128,prefill,1,ggml_vec_dot_q8_0_q8_0,8170308608,0.93029754380162,2814428672
q8_0,rvv,128,prefill,2,ggml_compute_forward_mul_mat,208852475,0.023780612683239936,7166016
q8_0,rvv,128,prefill,3,_ZL49ggml_compute_forward_flash_attn_ext_f16_one_chunkPK19ggml_compute_paramsP11ggml_tensoriillPfl,196369935,0.022359310641963913,118462257
q8_0,rvv,128,prefill,4,ggml_vec_dot_f16,131814144,0.015008781220508952,102187008
q8_0,rvv,128,prefill,5,ggml_vec_swiglu_f32,16593555,0.0018893953949697723,12994784
q8_0,rvv,128,prefill,6,ggml_compute_forward_rms_norm_mul_fused,12905467,0.0014694578660048652,8096403
q8_0,rvv,128,prefill,7,quantize_row_q8_0,10242504,0.001166244357556863,2643308
q8_0,rvv,128,prefill,8,ggml_cpu_fp32_to_fp16,8073216,0.0009192422680369749,6328320
q8_0,rvv,128,prefill,9,ggml_compute_forward_add_non_quantized,6403188,0.0007290875234586986,2756800
q8_0,rvv,128,prefill,10,__ieee754_expf,6107136,0.000695378093172567,0
q8_0,rvv,128,prefill,11,_Z29ggml_compute_forward_rope_fltIfEvPK19ggml_compute_paramsP11ggml_tensorb,4250736,0.0004840024348991057,983904
q8_0,rvv,128,prefill,12,__sincosf,1763856,0.000200838301605039,0
q8_0,rvv,128,prefill,13,llama_sampler_sample,1215614,0.00013841370903708004,3
q8_0,rvv,128,prefill,14,_ZNSt6vectorI16llama_token_dataSaIS0_EE17_M_default_appendEm,1215567,0.0001384083574663308,3
q8_0,rvv,128,prefill,15,ggml_is_contiguous,1176822,0.00013399672749444692,0
q8_0,rvv,128,prefill,16,_ZL26llama_sampler_greedy_applyP13llama_samplerP22llama_token_data_array,911630,0.0001038011157896119,0
q8_0,rvv,128,prefill,17,memset,769170,8.758016325910269e-05,0
q8_0,rvv,128,prefill,18,ggml_row_size,520299,5.924291296273629e-05,0
q8_0,rvv,128,prefill,19,ggml_backend_sched_split_graph,389503,4.435006088369317e-05,26
q8_0,rvv,128,prefill,20,_ZL34ggml_backend_cpu_buffer_get_tensorP19ggml_backend_bufferPK11ggml_tensorPvmm,265892,3.0275315950036185e-05,113952
q8_0,rvv,128,decode,1,ggml_vec_dot_q8_0_q8_0,5421292800,0.8991970416511063,1866036480
q8_0,rvv,128,decode,2,_ZL49ggml_compute_forward_flash_attn_ext_f16_one_chunkPK19ggml_compute_paramsP11ggml_tensoriillPfl,184813195,0.030653846662200026,128420325
q8_0,rvv,128,decode,3,ggml_compute_forward_mul_mat,170190360,0.0282284454788232,5130720
q8_0,rvv,128,decode,4,ggml_vec_dot_f16,149788800,0.024844562136999725,116121600
q8_0,rvv,128,decode,5,llama_sampler_sample,18234210,0.003024398108297161,45
q8_0,rvv,128,decode,6,_ZNSt6vectorI16llama_token_dataSaIS0_EE17_M_default_appendEm,18233505,0.003024281174211925,45
q8_0,rvv,128,decode,7,_ZL26llama_sampler_greedy_applyP13llama_samplerP22llama_token_data_array,13674462,0.0022681002908698216,0
q8_0,rvv,128,decode,8,ggml_vec_swiglu_f32,8105400,0.0013443936659165276,6347520
q8_0,rvv,128,decode,9,__ieee754_expf,7126560,0.0011820393964238765,0
q8_0,rvv,128,decode,10,ggml_compute_forward_rms_norm_mul_fused,6415785,0.0010641474468727353,3953565
q8_0,rvv,128,decode,11,quantize_row_q8_0,4947300,0.0008205787232448537,1276890
q8_0,rvv,128,decode,12,_ZL34ggml_backend_cpu_buffer_get_tensorP19ggml_backend_bufferPK11ggml_tensorPvmm,3988380,0.0006615284636499322,1709280
q8_0,rvv,128,decode,13,ggml_cpu_fp32_to_fp16,3784320,0.0006276822658722868,2966400
q8_0,rvv,128,decode,14,ggml_compute_forward_add_non_quantized,3269160,0.0005422357930352205,1324800
q8_0,rvv,128,decode,15,ggml_is_contiguous,3043740,0.000504846741270853,0
q8_0,rvv,128,decode,16,_Z29ggml_compute_forward_rope_fltIfEvPK19ggml_compute_paramsP11ggml_tensorb,2180160,0.0003616099507346432,473760
q8_0,rvv,128,decode,17,ggml_row_size,1491555,0.0002473952049702823,0
q8_0,rvv,128,decode,18,__sincosf,913680,0.00015154657446574048,0
q8_0,rvv,128,decode,19,ggml_graph_plan,650205,0.00010784557005789422,180
q8_0,rvv,128,decode,20,ggml_graph_compute_thread.isra.0,545310,9.044727095034689e-05,3675
q8_0,rvv,256,prefill,1,ggml_vec_dot_q8_0_q8_0,8170308608,0.9481871149271935,2814428672
q8_0,rvv,256,prefill,2,ggml_compute_forward_mul_mat,200492123,0.02326767038969087,3583008
q8_0,rvv,256,prefill,3,_ZL49ggml_compute_forward_flash_attn_ext_f16_one_chunkPK19ggml_compute_paramsP11ggml_tensoriillPfl,127037415,0.014743046535441048,60414105
q8_0,rvv,256,prefill,4,ggml_vec_dot_f16,66528000,0.007720760060410723,51093504
q8_0,rvv,256,prefill,5,quantize_row_q8_0,10242504,0.0011886711730669354,2643308
q8_0,rvv,256,prefill,6,ggml_vec_swiglu_f32,8303779,0.0009636767263960632,6497392
q8_0,rvv,256,prefill,7,ggml_compute_forward_rms_norm_mul_fused,6495931,0.0007538709208150537,4048275
q8_0,rvv,256,prefill,8,__ieee754_expf,6107136,0.0007087501760506328,0
q8_0,rvv,256,prefill,9,ggml_cpu_fp32_to_fp16,4202496,0.0004877113887511397,3231744
q8_0,rvv,256,prefill,10,ggml_compute_forward_add_non_quantized,3370708,0.000391180070071352,1378400
q8_0,rvv,256,prefill,11,_Z29ggml_compute_forward_rope_fltIfEvPK19ggml_compute_paramsP11ggml_tensorb,3316848,0.00038492946676366624,492384
q8_0,rvv,256,prefill,12,__sincosf,1763856,0.00020470041121205832,0
q8_0,rvv,256,prefill,13,llama_sampler_sample,1215614,0.00014107539712716633,3
q8_0,rvv,256,prefill,14,_ZNSt6vectorI16llama_token_dataSaIS0_EE17_M_default_appendEm,1215567,0.0001410699426460029,3
q8_0,rvv,256,prefill,15,ggml_is_contiguous,1176822,0.00013657347726991144,0
q8_0,rvv,256,prefill,16,_ZL26llama_sampler_greedy_applyP13llama_samplerP22llama_token_data_array,911630,0.00010579720559572251,0
q8_0,rvv,256,prefill,17,memset,769170,8.926432503105634e-05,0
q8_0,rvv,256,prefill,18,ggml_row_size,520299,6.0382150954059025e-05,0
q8_0,rvv,256,prefill,19,ggml_backend_sched_split_graph,389482,4.520047303163915e-05,17
q8_0,rvv,256,prefill,20,ggml_visit_parents_graph,236800,2.7481300840326768e-05,0
q8_0,rvv,256,decode,1,ggml_vec_dot_q8_0_q8_0,5421292800,0.9249959427784414,1866036480
q8_0,rvv,256,decode,2,ggml_compute_forward_mul_mat,164204520,0.028017028481819212,2565360
q8_0,rvv,256,decode,3,_ZL49ggml_compute_forward_flash_attn_ext_f16_one_chunkPK19ggml_compute_paramsP11ggml_tensoriillPfl,109898515,0.0187511879993598,65539245
q8_0,rvv,256,decode,4,ggml_vec_dot_f16,75600000,0.012899080690504333,58060800
q8_0,rvv,256,decode,5,llama_sampler_sample,18234210,0.0031111712449418123,45
q8_0,rvv,256,decode,6,_ZNSt6vectorI16llama_token_dataSaIS0_EE17_M_default_appendEm,18233505,0.0031110509558956905,45
q8_0,rvv,256,decode,7,_ZL26llama_sampler_greedy_applyP13llama_samplerP22llama_token_data_array,13674462,0.0023331744541962335,0
q8_0,rvv,256,decode,8,__ieee754_expf,7126560,0.0012159533397582084,0
q8_0,rvv,256,decode,9,quantize_row_q8_0,4947300,0.00084412198280598,1276890
q8_0,rvv,256,decode,10,ggml_vec_swiglu_f32,4056120,0.0006920663911424396,3173760
q8_0,rvv,256,decode,11,ggml_compute_forward_rms_norm_mul_fused,3287625,0.0005609436528454935,1977885
q8_0,rvv,256,decode,12,ggml_is_contiguous,3043740,0.0005193313209115828,0
q8_0,rvv,256,decode,13,_ZL34ggml_backend_cpu_buffer_get_tensorP19ggml_backend_bufferPK11ggml_tensorPvmm,1994220,0.000340259321357375,854640
q8_0,rvv,256,decode,14,ggml_cpu_fp32_to_fp16,1969920,0.0003361131882782843,1514880
q8_0,rvv,256,decode,15,ggml_compute_forward_add_non_quantized,1811880,0.00030914796721575385,662400
q8_0,rvv,256,decode,16,_Z29ggml_compute_forward_rope_fltIfEvPK19ggml_compute_paramsP11ggml_tensorb,1742400,0.00029729309781924274,243360
q8_0,rvv,256,decode,17,ggml_row_size,1491555,0.00025449323147255543,0
q8_0,rvv,256,decode,18,__sincosf,913680,0.00015589460377380952,0
q8_0,rvv,256,decode,19,ggml_graph_plan,649995,0.00011090394118286196,90
q8_0,rvv,256,decode,20,ggml_graph_compute_thread.isra.0,545310,9.304229750448304e-05,3675
