quant,mode,vlen,phase,tokens,total,scalar,vector,vset,instructions_per_token
q4_0,scalar,128,prefill,32,68273965275,68273965275,0,0,2133561414.84375
q4_0,scalar,128,decode,15,48649647707,48649647707,0,0,3243309847.133333
q4_0,rvv,128,prefill,32,11189007509,6041902764,5147104745,1117844500,349656484.65625
q4_0,rvv,128,decode,15,7198291400,4058146665,3140144735,763818175,479886093.3333333
q4_0,rvv,256,prefill,32,11023400813,6004532808,5018868005,1088575516,344481275.40625
q4_0,rvv,256,decode,15,7030287879,4021948093,3008339786,733249112,468685858.6
q4_0,rvv,512,prefill,32,10940646494,5985875160,4954771334,1073946465,341895202.9375
q4_0,rvv,512,decode,15,6946309164,4003861681,2942447483,717967131,463087277.6
q4_0,rvv,1024,prefill,32,10901359513,5977740683,4923618830,1066930550,340667484.78125
q4_0,rvv,1024,decode,15,6905816411,3995673645,2910142766,710539952,460387760.73333335
q8_0,scalar,128,prefill,32,85987895009,85987895009,0,0,2687121719.03125
q8_0,scalar,128,decode,15,57258556042,57258556042,0,0,3817237069.4666667
q8_0,rvv,128,prefill,32,8782468214,5706177884,3076290330,1117880079,274452131.6875
q8_0,rvv,128,decode,15,6029037629,3895026759,2134010870,763873820,401935841.93333334
q8_0,rvv,256,prefill,32,8616768230,5668793576,2947974654,1088594351,269274007.1875
q8_0,rvv,256,decode,15,5860882788,3858804907,2002077881,733277597,390725519.2
