loadRecord,firstAR,firstRegisterDone,dependentMacRead,previousMacDone
34,121,162,163,-1
36,124,166,167,166
38,127,170,171,170
40,130,174,175,174
42,133,178,179,178
44,136,182,183,182
46,139,186,187,186
48,142,190,191,190
52,147,194,197,194
54,150,198,201,200
56,166,207,208,204
58,170,211,212,211
60,174,215,216,215
62,178,219,220,219
64,182,223,224,223
66,186,227,228,227
70,190,231,234,231
72,194,235,238,237
74,198,239,242,241
76,202,243,246,245
78,211,252,253,249
80,215,256,257,256
82,219,260,261,260
84,223,264,265,264
88,227,268,271,268
90,231,272,275,274
92,235,276,279,278
94,239,280,283,282
96,243,284,287,286
98,247,288,291,290
100,256,297,298,294
102,260,301,302,301
106,264,305,308,305
108,268,309,312,311
110,272,313,316,315
112,276,317,320,319
114,280,321,324,323
116,284,325,328,327
118,288,329,332,331
120,292,333,336,335
124,301,342,343,339
126,305,346,347,346
128,309,350,351,350
130,313,354,355,354
132,317,358,359,358
134,321,362,363,362
136,325,366,367,366
138,329,370,371,370
142,333,374,377,374
144,337,378,381,380
146,346,387,388,384
148,350,391,392,391
150,354,395,396,395
152,358,399,400,399
154,362,403,404,403
156,366,407,408,407
160,370,411,414,411
162,374,415,418,417
164,378,419,422,421
166,382,423,426,425
168,391,432,433,429
170,395,436,437,436
172,399,440,441,440
174,403,444,445,444
178,407,448,451,448
180,411,452,455,454
182,415,456,459,458
184,419,460,463,462
186,423,464,467,466
188,427,468,471,470
190,436,477,478,474
192,440,481,482,481
196,444,485,488,485
198,448,489,492,491
200,452,493,496,495
202,456,497,500,499
204,460,501,504,503
206,464,505,508,507
208,468,509,512,511
210,472,513,516,515
214,481,522,523,519
216,485,526,527,526
218,489,530,531,530
220,493,534,535,534
222,497,538,539,538
224,501,542,543,542
226,505,546,547,546
228,509,550,551,550
232,513,554,557,554
234,517,558,561,560
236,526,567,568,564
238,530,571,572,571
240,534,575,576,575
242,538,579,580,579
244,542,583,584,583
246,546,587,588,587
250,550,591,594,591
252,554,595,598,597
254,558,599,602,601
256,562,603,606,605
258,571,612,613,609
260,575,616,617,616
262,579,620,621,620
264,583,624,625,624
268,587,628,631,628
270,591,632,635,634
272,595,636,639,638
274,599,640,643,642
276,603,644,647,646
278,607,648,651,650
280,616,657,658,654
282,620,661,662,661
286,624,665,668,665
288,628,669,672,671
290,632,673,676,675
292,636,677,680,679
294,640,681,684,683
296,644,685,688,687
298,648,689,692,691
300,652,693,696,695
304,661,702,703,699
306,665,706,707,706
308,669,710,711,710
310,673,714,715,714
312,677,718,719,718
314,681,722,723,722
316,685,726,727,726
318,689,730,731,730
322,693,734,737,734
324,697,738,741,740
326,706,747,748,744
328,710,751,752,751
330,714,755,756,755
332,718,759,760,759
334,722,763,764,763
336,726,767,768,767
340,730,771,774,771
342,734,775,778,777
344,738,779,782,781
346,742,783,786,785
348,751,792,793,789
350,755,796,797,796
352,759,800,801,800
354,763,804,805,804
358,767,808,811,808
360,771,812,815,814
362,775,816,819,818
364,779,820,823,822
366,783,824,827,826
368,787,828,831,830
370,796,837,838,834
372,800,841,842,841
376,804,845,848,845
378,808,849,852,851
380,812,853,856,855
382,816,857,860,859
384,820,861,864,863
386,824,865,868,867
388,828,869,872,871
390,832,873,876,875
394,841,882,883,879
396,845,886,887,886
398,849,890,891,890
400,853,894,895,894
402,857,898,899,898
404,861,902,903,902
406,865,906,907,906
408,869,910,911,910
412,873,914,917,914
414,877,918,921,920
416,886,927,928,924
418,890,931,932,931
420,894,935,936,935
422,898,939,940,939
424,902,943,944,943
426,906,947,948,947
430,910,951,954,951
432,914,955,958,957
434,918,959,962,961
436,922,963,966,965
438,931,972,973,969
440,935,976,977,976
442,939,980,981,980
444,943,984,985,984
448,947,988,991,988
450,951,992,995,994
452,955,996,999,998
454,959,1000,1003,1002
456,963,1004,1007,1006
458,967,1008,1011,1010
460,976,1017,1018,1014
462,980,1021,1022,1021
466,984,1025,1028,1025
468,988,1029,1032,1031
470,992,1033,1036,1035
472,996,1037,1040,1039
474,1000,1041,1044,1043
476,1004,1045,1048,1047
478,1008,1049,1052,1051
480,1012,1053,1056,1055
484,1021,1062,1063,1059
486,1025,1066,1067,1066
488,1029,1070,1071,1070
490,1033,1074,1075,1074
492,1037,1078,1079,1078
494,1041,1082,1083,1082
496,1045,1086,1087,1086
498,1049,1090,1091,1090
502,1053,1094,1097,1094
504,1057,1098,1101,1100
506,1066,1107,1108,1104
508,1070,1111,1112,1111
510,1074,1115,1116,1115
512,1078,1119,1120,1119
514,1082,1123,1124,1123
516,1086,1127,1128,1127
520,1090,1131,1134,1131
522,1094,1135,1138,1137
524,1098,1139,1142,1141
526,1102,1143,1146,1145
528,1111,1152,1153,1149
530,1115,1156,1157,1156
532,1119,1160,1161,1160
534,1123,1164,1165,1164
