cell	AREG	BREG	MREG	PREG
mac/dot/pProducts_0_0_reg	1	1	1	1
mac/dot/pProducts_0_1_reg	1	1	1	1
mac/dot/pProducts_0_2_reg	1	1	1	1
mac/dot/pProducts_0_3_reg	1	1	1	1
mac/dot/pProducts_10_0_reg	1	1	1	1
mac/dot/pProducts_10_1_reg	1	1	1	1
mac/dot/pProducts_10_2_reg	1	1	1	1
mac/dot/pProducts_10_3_reg	1	1	1	1
mac/dot/pProducts_11_0_reg	1	1	1	1
mac/dot/pProducts_11_1_reg	1	1	1	1
mac/dot/pProducts_11_2_reg	1	1	1	1
mac/dot/pProducts_11_3_reg	1	1	1	1
mac/dot/pProducts_12_0_reg	1	1	1	1
mac/dot/pProducts_12_1_reg	1	1	1	1
mac/dot/pProducts_12_2_reg	1	1	1	1
mac/dot/pProducts_12_3_reg	1	1	1	1
mac/dot/pProducts_13_0_reg	1	1	1	1
mac/dot/pProducts_13_1_reg	1	1	1	1
mac/dot/pProducts_13_2_reg	1	1	1	1
mac/dot/pProducts_13_3_reg	1	1	1	1
mac/dot/pProducts_14_0_reg	1	1	1	1
mac/dot/pProducts_14_1_reg	1	1	1	1
mac/dot/pProducts_14_2_reg	1	1	1	1
mac/dot/pProducts_14_3_reg	1	1	1	1
mac/dot/pProducts_15_0_reg	1	1	1	1
mac/dot/pProducts_15_1_reg	1	1	1	1
mac/dot/pProducts_15_2_reg	1	1	1	1
mac/dot/pProducts_15_3_reg	1	1	1	1
mac/dot/pProducts_1_0_reg	1	1	1	1
mac/dot/pProducts_1_1_reg	1	1	1	1
mac/dot/pProducts_1_2_reg	1	1	1	1
mac/dot/pProducts_1_3_reg	1	1	1	1
mac/dot/pProducts_2_0_reg	1	1	1	1
mac/dot/pProducts_2_1_reg	1	1	1	1
mac/dot/pProducts_2_2_reg	1	1	1	1
mac/dot/pProducts_2_3_reg	1	1	1	1
mac/dot/pProducts_3_0_reg	1	1	1	1
mac/dot/pProducts_3_1_reg	1	1	1	1
mac/dot/pProducts_3_2_reg	1	1	1	1
mac/dot/pProducts_3_3_reg	1	1	1	1
mac/dot/pProducts_4_0_reg	1	1	1	1
mac/dot/pProducts_4_1_reg	1	1	1	1
mac/dot/pProducts_4_2_reg	1	1	1	1
mac/dot/pProducts_4_3_reg	1	1	1	1
mac/dot/pProducts_5_0_reg	1	1	1	1
mac/dot/pProducts_5_1_reg	1	1	1	1
mac/dot/pProducts_5_2_reg	1	1	1	1
mac/dot/pProducts_5_3_reg	1	1	1	1
mac/dot/pProducts_6_0_reg	1	1	1	1
mac/dot/pProducts_6_1_reg	1	1	1	1
mac/dot/pProducts_6_2_reg	1	1	1	1
mac/dot/pProducts_6_3_reg	1	1	1	1
mac/dot/pProducts_7_0_reg	1	1	1	1
mac/dot/pProducts_7_1_reg	1	1	1	1
mac/dot/pProducts_7_2_reg	1	1	1	1
mac/dot/pProducts_7_3_reg	1	1	1	1
mac/dot/pProducts_8_0_reg	1	1	1	1
mac/dot/pProducts_8_1_reg	1	1	1	1
mac/dot/pProducts_8_2_reg	1	1	1	1
mac/dot/pProducts_8_3_reg	1	1	1	1
mac/dot/pProducts_9_0_reg	1	1	1	1
mac/dot/pProducts_9_1_reg	1	1	1	1
mac/dot/pProducts_9_2_reg	1	1	1	1
mac/dot/pProducts_9_3_reg	1	1	1	1
mac/legacy/_GEN_100	1	1	0	0
mac/legacy/_GEN_100__0	1	1	0	0
mac/legacy/_GEN_100__1	1	1	0	0
mac/legacy/_GEN_100__10	1	1	0	0
mac/legacy/_GEN_100__11	1	1	0	0
mac/legacy/_GEN_100__12	1	1	0	0
mac/legacy/_GEN_100__13	1	1	0	0
mac/legacy/_GEN_100__14	1	1	0	0
mac/legacy/_GEN_100__15	1	1	0	0
mac/legacy/_GEN_100__16	1	1	0	0
mac/legacy/_GEN_100__17	1	1	0	0
mac/legacy/_GEN_100__18	1	1	0	0
mac/legacy/_GEN_100__19	1	1	0	0
mac/legacy/_GEN_100__2	1	1	0	0
mac/legacy/_GEN_100__20	1	1	0	0
mac/legacy/_GEN_100__21	1	1	0	0
mac/legacy/_GEN_100__22	1	1	0	0
mac/legacy/_GEN_100__23	1	1	0	0
mac/legacy/_GEN_100__24	1	1	0	0
mac/legacy/_GEN_100__25	1	1	0	0
mac/legacy/_GEN_100__26	1	1	0	0
mac/legacy/_GEN_100__27	1	1	0	0
mac/legacy/_GEN_100__28	1	1	0	0
mac/legacy/_GEN_100__29	1	1	0	0
mac/legacy/_GEN_100__3	1	1	0	0
mac/legacy/_GEN_100__30	1	1	0	0
mac/legacy/_GEN_100__31	1	1	0	0
mac/legacy/_GEN_100__32	1	1	0	0
mac/legacy/_GEN_100__33	1	1	0	0
mac/legacy/_GEN_100__34	1	1	0	0
mac/legacy/_GEN_100__35	1	1	0	0
mac/legacy/_GEN_100__36	1	1	0	0
mac/legacy/_GEN_100__37	1	1	0	0
mac/legacy/_GEN_100__38	1	1	0	0
mac/legacy/_GEN_100__39	1	1	0	0
mac/legacy/_GEN_100__4	1	1	0	0
mac/legacy/_GEN_100__40	1	1	0	0
mac/legacy/_GEN_100__41	1	1	0	0
mac/legacy/_GEN_100__42	1	1	0	0
mac/legacy/_GEN_100__43	1	1	0	0
mac/legacy/_GEN_100__44	1	1	0	0
mac/legacy/_GEN_100__45	1	1	0	0
mac/legacy/_GEN_100__46	1	1	0	0
mac/legacy/_GEN_100__47	1	1	0	0
mac/legacy/_GEN_100__48	1	1	0	0
mac/legacy/_GEN_100__49	1	1	0	0
mac/legacy/_GEN_100__5	1	1	0	0
mac/legacy/_GEN_100__50	1	1	0	0
mac/legacy/_GEN_100__51	1	1	0	0
mac/legacy/_GEN_100__52	1	1	0	0
mac/legacy/_GEN_100__53	1	1	0	0
mac/legacy/_GEN_100__54	1	1	0	0
mac/legacy/_GEN_100__55	1	1	0	0
mac/legacy/_GEN_100__56	1	1	0	0
mac/legacy/_GEN_100__57	1	1	0	0
mac/legacy/_GEN_100__58	1	1	0	0
mac/legacy/_GEN_100__59	1	1	0	0
mac/legacy/_GEN_100__6	1	1	0	0
mac/legacy/_GEN_100__60	1	1	0	0
mac/legacy/_GEN_100__61	1	1	0	0
mac/legacy/_GEN_100__62	1	1	0	0
mac/legacy/_GEN_100__63	1	1	0	0
mac/legacy/_GEN_100__64	1	1	0	0
mac/legacy/_GEN_100__65	1	1	0	0
mac/legacy/_GEN_100__66	1	1	0	0
mac/legacy/_GEN_100__67	1	1	0	0
mac/legacy/_GEN_100__68	1	1	0	0
mac/legacy/_GEN_100__69	1	1	0	0
mac/legacy/_GEN_100__7	1	1	0	0
mac/legacy/_GEN_100__70	1	1	0	0
mac/legacy/_GEN_100__71	1	1	0	0
mac/legacy/_GEN_100__72	1	1	0	0
mac/legacy/_GEN_100__73	1	1	0	0
mac/legacy/_GEN_100__74	1	1	0	0
mac/legacy/_GEN_100__75	1	1	0	0
mac/legacy/_GEN_100__76	1	1	0	0
mac/legacy/_GEN_100__77	1	1	0	0
mac/legacy/_GEN_100__78	1	1	0	0
mac/legacy/_GEN_100__8	1	1	0	0
mac/legacy/_GEN_100__9	1	1	0	0
mac/legacy/slowProduct0	0	0	0	0
mac/legacy/slowProduct0__0	0	0	0	1
mac/legacy/slowProduct0__1	0	0	0	0
mac/legacy/slowProduct0__2	0	0	0	0
mac/legacy/slowProduct0__3	0	0	0	0
mac/legacy/slowProduct0__4	0	0	0	0
mac/legacy/slowProduct0__5	0	0	0	0
mac/legacy/slowProduct0__6	0	0	0	0
mac/legacy/slowProduct_reg	0	0	0	1
mac/legacy/slowProduct_reg__0	0	0	0	1
